Date,Day,Usage
31/12/2022,SAT,1011499
30/12/2022,FRI,1138650
29/12/2022,THU,1171335
28/12/2022,WED,1025965
27/12/2022,TUE,884308
26/12/2022,MON,695902
25/12/2022,SUN,603
24/12/2022,SAT,919912
23/12/2022,FRI,1233449
22/12/2022,THU,1317204
21/12/2022,WED,1374585
20/12/2022,TUE,1428496
19/12/2022,MON,1323747
18/12/2022,SUN,834803
17/12/2022,SAT,1101518
16/12/2022,FRI,1438499
15/12/2022,THU,1553476
14/12/2022,WED,1452637
13/12/2022,TUE,1417887
12/12/2022,MON,1362377
11/12/2022,SUN,909174
10/12/2022,SAT,1249749
09/12/2022,FRI,1675299
08/12/2022,THU,1736288
07/12/2022,WED,1732180
06/12/2022,TUE,1738135
05/12/2022,MON,1654013
04/12/2022,SUN,962679
03/12/2022,SAT,1282687
02/12/2022,FRI,1711127
01/12/2022,THU,1731673
30/11/2022,WED,1719203
29/11/2022,TUE,1708126
28/11/2022,MON,1653738
27/11/2022,SUN,951356
26/11/2022,SAT,1261991
25/11/2022,FRI,1709927
24/11/2022,THU,1727056
23/11/2022,WED,1712077
22/11/2022,TUE,1724023
21/11/2022,MON,1598302
20/11/2022,SUN,982347
19/11/2022,SAT,1319268
18/11/2022,FRI,1749523
17/11/2022,THU,1741437
16/11/2022,WED,1740637
15/11/2022,TUE,1685943
14/11/2022,MON,1679098
13/11/2022,SUN,999848
12/11/2022,SAT,1349673
11/11/2022,FRI,1725628
10/11/2022,THU,1442092
09/11/2022,WED,1717395
08/11/2022,TUE,1712197
07/11/2022,MON,1576057
06/11/2022,SUN,904220
05/11/2022,SAT,1184717
04/11/2022,FRI,1724965
03/11/2022,THU,1660772
02/11/2022,WED,1733307
01/11/2022,TUE,1676058
31/10/2022,MON,1628356
30/10/2022,SUN,980902
29/10/2022,SAT,1311735
28/10/2022,FRI,1534392
27/10/2022,THU,1537017
26/10/2022,WED,1519787
25/10/2022,TUE,1513686
24/10/2022,MON,1453348
23/10/2022,SUN,912662
22/10/2022,SAT,1290342
21/10/2022,FRI,1633387
20/10/2022,THU,1663022
19/10/2022,WED,1699769
18/10/2022,TUE,1714679
17/10/2022,MON,1631536
16/10/2022,SUN,987362
15/10/2022,SAT,1304943
14/10/2022,FRI,1710299
13/10/2022,THU,1741410
12/10/2022,WED,1736976
11/10/2022,TUE,1739343
10/10/2022,MON,1659675
09/10/2022,SUN,1010408
08/10/2022,SAT,1250011
07/10/2022,FRI,1714079
06/10/2022,THU,1743853
05/10/2022,WED,1551848
04/10/2022,TUE,1703497
03/10/2022,MON,1651875
02/10/2022,SUN,967248
01/10/2022,SAT,1241208
30/09/2022,FRI,1700808
29/09/2022,THU,1754250
28/09/2022,WED,1741402
27/09/2022,TUE,1699485
26/09/2022,MON,1639318
25/09/2022,SUN,984599
24/09/2022,SAT,1302869
23/09/2022,FRI,1686590
22/09/2022,THU,1737241
21/09/2022,WED,1711153
20/09/2022,TUE,1706350
19/09/2022,MON,679369
18/09/2022,SUN,1034480
17/09/2022,SAT,1297371
16/09/2022,FRI,1692990
15/09/2022,THU,1678488
14/09/2022,WED,1690477
13/09/2022,TUE,1654608
12/09/2022,MON,1608612
11/09/2022,SUN,965350
10/09/2022,SAT,1221871
09/09/2022,FRI,1594350
08/09/2022,THU,1601105
07/09/2022,WED,1616971
06/09/2022,TUE,1564152
05/09/2022,MON,1477424
04/09/2022,SUN,927063
03/09/2022,SAT,1220467
02/09/2022,FRI,1419564
01/09/2022,THU,1400486
31/08/2022,WED,1395758
30/08/2022,TUE,1361347
29/08/2022,MON,951036
28/08/2022,SUN,919213
27/08/2022,SAT,1173087
26/08/2022,FRI,1379848
25/08/2022,THU,1299412
24/08/2022,WED,1366623
23/08/2022,TUE,1359059
22/08/2022,MON,1295704
21/08/2022,SUN,898652
20/08/2022,SAT,1021452
19/08/2022,FRI,1039917
18/08/2022,THU,1263270
17/08/2022,WED,1338465
16/08/2022,TUE,1333321
15/08/2022,MON,1290626
14/08/2022,SUN,885513
13/08/2022,SAT,1066645
12/08/2022,FRI,1323001
11/08/2022,THU,1343276
10/08/2022,WED,1368475
09/08/2022,TUE,1368554
08/08/2022,MON,1316682
07/08/2022,SUN,936224
06/08/2022,SAT,1188071
05/08/2022,FRI,1385260
04/08/2022,THU,1399162
03/08/2022,WED,1390125
02/08/2022,TUE,1380942
01/08/2022,MON,1329798
31/07/2022,SUN,928044
30/07/2022,SAT,1147363
29/07/2022,FRI,1410343
28/07/2022,THU,1409242
27/07/2022,WED,1275088
26/07/2022,TUE,1413858
25/07/2022,MON,1348721
24/07/2022,SUN,940065
23/07/2022,SAT,1198290
22/07/2022,FRI,1438762
21/07/2022,THU,1488039
20/07/2022,WED,1473693
19/07/2022,TUE,1140120
18/07/2022,MON,1220384
17/07/2022,SUN,931032
16/07/2022,SAT,1220315
15/07/2022,FRI,1550042
14/07/2022,THU,1568004
13/07/2022,WED,1542472
12/07/2022,TUE,1532760
11/07/2022,MON,1475855
10/07/2022,SUN,972443
09/07/2022,SAT,1240865
08/07/2022,FRI,1588191
07/07/2022,THU,1618128
06/07/2022,WED,1612618
05/07/2022,TUE,1611698
04/07/2022,MON,1550532
03/07/2022,SUN,996586
02/07/2022,SAT,1288760
01/07/2022,FRI,1625479
30/06/2022,THU,1641983
29/06/2022,WED,1621126
28/06/2022,TUE,1631558
27/06/2022,MON,1548392
26/06/2022,SUN,967433
25/06/2022,SAT,1168281
24/06/2022,FRI,1565129
23/06/2022,THU,1406104
22/06/2022,WED,1483144
21/06/2022,TUE,1203699
20/06/2022,MON,1597131
19/06/2022,SUN,966092
18/06/2022,SAT,1238805
17/06/2022,FRI,1602534
16/06/2022,THU,1651455
15/06/2022,WED,1656136
14/06/2022,TUE,1644826
13/06/2022,MON,1593837
12/06/2022,SUN,963475
11/06/2022,SAT,1247158
10/06/2022,FRI,1646186
09/06/2022,THU,1653717
08/06/2022,WED,1629802
07/06/2022,TUE,1603024
06/06/2022,MON,1335620
05/06/2022,SUN,873348
04/06/2022,SAT,1130257
03/06/2022,FRI,1127769
02/06/2022,THU,1176851
01/06/2022,WED,1450369
31/05/2022,TUE,1389924
30/05/2022,MON,1344032
29/05/2022,SUN,967895
28/05/2022,SAT,1264963
27/05/2022,FRI,1677745
26/05/2022,THU,1678955
25/05/2022,WED,1653333
24/05/2022,TUE,1622670
23/05/2022,MON,1550678
22/05/2022,SUN,972459
21/05/2022,SAT,1246446
20/05/2022,FRI,1605515
19/05/2022,THU,1645803
18/05/2022,WED,1644601
17/05/2022,TUE,1638158
16/05/2022,MON,1558366
15/05/2022,SUN,891857
14/05/2022,SAT,1248486
13/05/2022,FRI,1633769
12/05/2022,THU,1657902
11/05/2022,WED,1593929
10/05/2022,TUE,1611672
09/05/2022,MON,1565536
08/05/2022,SUN,947934
07/05/2022,SAT,1210433
06/05/2022,FRI,1637384
05/05/2022,THU,1654067
04/05/2022,WED,1615417
03/05/2022,TUE,1559580
02/05/2022,MON,958069
01/05/2022,SUN,929197
30/04/2022,SAT,1223568
29/04/2022,FRI,1613091
28/04/2022,THU,1634506
27/04/2022,WED,1604992
26/04/2022,TUE,1612999
25/04/2022,MON,1524802
24/04/2022,SUN,895447
23/04/2022,SAT,1184383
22/04/2022,FRI,1557019
21/04/2022,THU,1582864
20/04/2022,WED,1567443
19/04/2022,TUE,1473619
18/04/2022,MON,908210
17/04/2022,SUN,816900
16/04/2022,SAT,1118146
15/04/2022,FRI,1089073
14/04/2022,THU,1389985
13/04/2022,WED,1365499
12/04/2022,TUE,1350678
11/04/2022,MON,1304242
10/04/2022,SUN,894356
09/04/2022,SAT,1146592
08/04/2022,FRI,1348935
07/04/2022,THU,1348007
06/04/2022,WED,1323819
05/04/2022,TUE,1350469
04/04/2022,MON,1258591
03/04/2022,SUN,884724
02/04/2022,SAT,1119280
01/04/2022,FRI,1532055
31/03/2022,THU,1543279
30/03/2022,WED,1549911
29/03/2022,TUE,1534321
28/03/2022,MON,1488013
27/03/2022,SUN,871191
26/03/2022,SAT,1232032
25/03/2022,FRI,1610092
24/03/2022,THU,1613274
23/03/2022,WED,1598310
22/03/2022,TUE,1586749
21/03/2022,MON,1525570
20/03/2022,SUN,900169
19/03/2022,SAT,1204783
18/03/2022,FRI,1598168
17/03/2022,THU,1624538
16/03/2022,WED,1546187
15/03/2022,TUE,1593202
14/03/2022,MON,1534821
13/03/2022,SUN,871867
12/03/2022,SAT,1193280
11/03/2022,FRI,1559645
10/03/2022,THU,1598655
09/03/2022,WED,1576847
08/03/2022,TUE,1581960
07/03/2022,MON,1519197
06/03/2022,SUN,858368
05/03/2022,SAT,1133828
04/03/2022,FRI,1538795
03/03/2022,THU,1328754
02/03/2022,WED,1503041
01/03/2022,TUE,1300132
28/02/2022,MON,1516418
27/02/2022,SUN,895372
26/02/2022,SAT,1191975
25/02/2022,FRI,1597374
24/02/2022,THU,1549948
23/02/2022,WED,1571338
22/02/2022,TUE,1545175
21/02/2022,MON,1399687
20/02/2022,SUN,750793
19/02/2022,SAT,1027616
18/02/2022,FRI,946072
17/02/2022,THU,1343343
16/02/2022,WED,1306633
15/02/2022,TUE,1230010
14/02/2022,MON,1276763
13/02/2022,SUN,788498
12/02/2022,SAT,1109128
11/02/2022,FRI,1516421
10/02/2022,THU,1532332
09/02/2022,WED,1524868
08/02/2022,TUE,1516736
07/02/2022,MON,1463155
06/02/2022,SUN,779969
05/02/2022,SAT,1110491
04/02/2022,FRI,1487192
03/02/2022,THU,1506043
02/02/2022,WED,1492104
01/02/2022,TUE,1490978
31/01/2022,MON,1428783
30/01/2022,SUN,806585
29/01/2022,SAT,1089808
28/01/2022,FRI,1484825
27/01/2022,THU,1463623
26/01/2022,WED,1445226
25/01/2022,TUE,1426519
24/01/2022,MON,1386256
23/01/2022,SUN,765334
22/01/2022,SAT,1039777
21/01/2022,FRI,1434926
20/01/2022,THU,1434030
19/01/2022,WED,1407288
18/01/2022,TUE,1399591
17/01/2022,MON,1370325
16/01/2022,SUN,744732
15/01/2022,SAT,995992
14/01/2022,FRI,1405492
13/01/2022,THU,1376299
12/01/2022,WED,1379993
11/01/2022,TUE,1329359
10/01/2022,MON,1297694
09/01/2022,SUN,724631
08/01/2022,SAT,838110
07/01/2022,FRI,1278307
06/01/2022,THU,1224061
05/01/2022,WED,1195932
04/01/2022,TUE,1031751
03/01/2022,MON,736497
02/01/2022,SUN,644959
01/01/2022,SAT,568086
31/12/2021,FRI,946134
30/12/2021,THU,922703
29/12/2021,WED,898201
28/12/2021,TUE,739550
27/12/2021,MON,680987
26/12/2021,SUN,488038
25/12/2021,SAT,368
24/12/2021,FRI,899777
23/12/2021,THU,1056152
22/12/2021,WED,1087795
21/12/2021,TUE,1112110
20/12/2021,MON,1122346
19/12/2021,SUN,779365
18/12/2021,SAT,1005716
17/12/2021,FRI,1366496
16/12/2021,THU,1401882
15/12/2021,WED,1450710
14/12/2021,TUE,1449075
13/12/2021,MON,1431643
12/12/2021,SUN,852923
11/12/2021,SAT,1138303
10/12/2021,FRI,1554450
09/12/2021,THU,1570643
08/12/2021,WED,1552574
07/12/2021,TUE,1505972
06/12/2021,MON,1480866
05/12/2021,SUN,839582
04/12/2021,SAT,1175049
03/12/2021,FRI,1553993
02/12/2021,THU,1583872
01/12/2021,WED,1564798
30/11/2021,TUE,1560317
29/11/2021,MON,1489954
28/11/2021,SUN,875712
27/11/2021,SAT,1117540
26/11/2021,FRI,1512746
25/11/2021,THU,1622410
24/11/2021,WED,1586761
23/11/2021,TUE,1589231
22/11/2021,MON,1529245
21/11/2021,SUN,890959
20/11/2021,SAT,1190119
19/11/2021,FRI,1603656
18/11/2021,THU,1611845
17/11/2021,WED,1601426
16/11/2021,TUE,1585681
15/11/2021,MON,1516056
14/11/2021,SUN,868559
13/11/2021,SAT,1190754
12/11/2021,FRI,1588516
11/11/2021,THU,1602168
10/11/2021,WED,1559569
09/11/2021,TUE,1565726
08/11/2021,MON,1502762
07/11/2021,SUN,879635
06/11/2021,SAT,1165994
05/11/2021,FRI,1548674
04/11/2021,THU,1548217
03/11/2021,WED,1541628
02/11/2021,TUE,1543997
01/11/2021,MON,1460766
31/10/2021,SUN,833890
30/10/2021,SAT,1152914
29/10/2021,FRI,1340167
28/10/2021,THU,1369691
27/10/2021,WED,1348811
26/10/2021,TUE,1341833
25/10/2021,MON,1281250
24/10/2021,SUN,870478
23/10/2021,SAT,1139689
22/10/2021,FRI,1491170
21/10/2021,THU,1525007
20/10/2021,WED,1510191
19/10/2021,TUE,1506029
18/10/2021,MON,1461268
17/10/2021,SUN,853159
16/10/2021,SAT,1136160
15/10/2021,FRI,1561161
14/10/2021,THU,1567400
13/10/2021,WED,1547794
12/10/2021,TUE,1542905
11/10/2021,MON,1488820
10/10/2021,SUN,844058
09/10/2021,SAT,1155821
08/10/2021,FRI,1537321
07/10/2021,THU,1537597
06/10/2021,WED,1543401
05/10/2021,TUE,1509066
04/10/2021,MON,1478397
03/10/2021,SUN,881316
02/10/2021,SAT,1053870
01/10/2021,FRI,1525339
30/09/2021,THU,1554515
29/09/2021,WED,1562901
28/09/2021,TUE,1524757
27/09/2021,MON,1466465
26/09/2021,SUN,875612
25/09/2021,SAT,1144886
24/09/2021,FRI,1532883
23/09/2021,THU,1520506
22/09/2021,WED,1519003
21/09/2021,TUE,1497922
20/09/2021,MON,1438544
19/09/2021,SUN,798249
18/09/2021,SAT,1110828
17/09/2021,FRI,1494986
16/09/2021,THU,1483715
15/09/2021,WED,1478554
14/09/2021,TUE,1384166
13/09/2021,MON,1416403
12/09/2021,SUN,807859
11/09/2021,SAT,1082835
10/09/2021,FRI,1441377
09/09/2021,THU,1434576
08/09/2021,WED,1417134
07/09/2021,TUE,1392402
06/09/2021,MON,1343027
05/09/2021,SUN,815958
04/09/2021,SAT,1038178
03/09/2021,FRI,1320438
02/09/2021,THU,1257348
01/09/2021,WED,1206180
31/08/2021,TUE,1163787
30/08/2021,MON,811782
29/08/2021,SUN,789956
28/08/2021,SAT,1003539
27/08/2021,FRI,1185679
26/08/2021,THU,1160073
25/08/2021,WED,1164948
24/08/2021,TUE,1149084
23/08/2021,MON,1105442
22/08/2021,SUN,743845
21/08/2021,SAT,947262
20/08/2021,FRI,1160787
19/08/2021,THU,1141286
18/08/2021,WED,1135710
17/08/2021,TUE,1102844
16/08/2021,MON,1080873
15/08/2021,SUN,752957
14/08/2021,SAT,989035
13/08/2021,FRI,1150278
12/08/2021,THU,1149019
11/08/2021,WED,1140357
10/08/2021,TUE,1148134
09/08/2021,MON,1042824
08/08/2021,SUN,696020
07/08/2021,SAT,892634
06/08/2021,FRI,1106304
05/08/2021,THU,1102648
04/08/2021,WED,1122680
03/08/2021,TUE,1099421
02/08/2021,MON,1069527
01/08/2021,SUN,714876
31/07/2021,SAT,941105
30/07/2021,FRI,1091520
29/07/2021,THU,1146951
28/07/2021,WED,1074333
27/07/2021,TUE,1084624
26/07/2021,MON,1067240
25/07/2021,SUN,663939
24/07/2021,SAT,908455
23/07/2021,FRI,1171161
22/07/2021,THU,1155234
21/07/2021,WED,1156075
20/07/2021,TUE,1128434
19/07/2021,MON,1134069
18/07/2021,SUN,721742
17/07/2021,SAT,969358
16/07/2021,FRI,1270848
15/07/2021,THU,1244420
14/07/2021,WED,1246564
13/07/2021,TUE,1231468
12/07/2021,MON,1153769
11/07/2021,SUN,779461
10/07/2021,SAT,967440
09/07/2021,FRI,1289752
08/07/2021,THU,1271059
07/07/2021,WED,1285579
06/07/2021,TUE,1239394
05/07/2021,MON,1237193
04/07/2021,SUN,705676
03/07/2021,SAT,954693
02/07/2021,FRI,1305778
01/07/2021,THU,1305949
30/06/2021,WED,1282091
29/06/2021,TUE,1266531
28/06/2021,MON,1218068
27/06/2021,SUN,699773
26/06/2021,SAT,998153
25/06/2021,FRI,1310025
24/06/2021,THU,1309317
23/06/2021,WED,1308979
22/06/2021,TUE,1291245
21/06/2021,MON,1201896
20/06/2021,SUN,688197
19/06/2021,SAT,954457
18/06/2021,FRI,1224772
17/06/2021,THU,1261421
16/06/2021,WED,1287268
15/06/2021,TUE,1283962
14/06/2021,MON,1234203
13/06/2021,SUN,723187
12/06/2021,SAT,978857
11/06/2021,FRI,1314243
10/06/2021,THU,1300223
09/06/2021,WED,1297414
08/06/2021,TUE,1285211
07/06/2021,MON,1219143
06/06/2021,SUN,690932
05/06/2021,SAT,973487
04/06/2021,FRI,1049657
03/06/2021,THU,1122502
02/06/2021,WED,1109684
01/06/2021,TUE,1111385
31/05/2021,MON,792202
30/05/2021,SUN,737277
29/05/2021,SAT,963945
28/05/2021,FRI,1310284
27/05/2021,THU,1310449
26/05/2021,WED,1290918
25/05/2021,TUE,1268428
24/05/2021,MON,1214996
23/05/2021,SUN,656707
22/05/2021,SAT,932738
21/05/2021,FRI,1278542
20/05/2021,THU,1279532
19/05/2021,WED,1282740
18/05/2021,TUE,1267008
17/05/2021,MON,1221699
16/05/2021,SUN,585474
15/05/2021,SAT,836780
14/05/2021,FRI,1234231
13/05/2021,THU,1141741
12/05/2021,WED,1233721
11/05/2021,TUE,1238414
10/05/2021,MON,1197063
09/05/2021,SUN,626899
08/05/2021,SAT,745109
07/05/2021,FRI,1255641
06/05/2021,THU,1220722
05/05/2021,WED,1216183
04/05/2021,TUE,1188807
03/05/2021,MON,633111
02/05/2021,SUN,607101
01/05/2021,SAT,841075
30/04/2021,FRI,1243069
29/04/2021,THU,1219508
28/04/2021,WED,1190589
27/04/2021,TUE,1214403
26/04/2021,MON,1181866
25/04/2021,SUN,598890
24/04/2021,SAT,853868
23/04/2021,FRI,1219362
22/04/2021,THU,1214143
21/04/2021,WED,1196496
20/04/2021,TUE,1203494
19/04/2021,MON,1144623
18/04/2021,SUN,597994
17/04/2021,SAT,813186
16/04/2021,FRI,1014514
15/04/2021,THU,960608
14/04/2021,WED,981352
13/04/2021,TUE,971599
12/04/2021,MON,974277
11/04/2021,SUN,478819
10/04/2021,SAT,613421
09/04/2021,FRI,843653
08/04/2021,THU,825049
07/04/2021,WED,805361
06/04/2021,TUE,814074
05/04/2021,MON,481845
04/04/2021,SUN,439933
03/04/2021,SAT,612299
02/04/2021,FRI,613870
01/04/2021,THU,950612
31/03/2021,WED,1022624
30/03/2021,TUE,1055823
29/03/2021,MON,1014648
28/03/2021,SUN,410851
27/03/2021,SAT,634107
26/03/2021,FRI,1011113
25/03/2021,THU,1022810
24/03/2021,WED,1018881
23/03/2021,TUE,1026474
22/03/2021,MON,1020142
21/03/2021,SUN,429064
20/03/2021,SAT,598319
19/03/2021,FRI,1043494
18/03/2021,THU,1001285
17/03/2021,WED,994496
16/03/2021,TUE,1007416
15/03/2021,MON,991621
14/03/2021,SUN,414734
13/03/2021,SAT,587875
12/03/2021,FRI,1002407
11/03/2021,THU,965674
10/03/2021,WED,897738
09/03/2021,TUE,934788
08/03/2021,MON,858003
07/03/2021,SUN,402460
06/03/2021,SAT,555146
05/03/2021,FRI,755880
04/03/2021,THU,713662
03/03/2021,WED,690626
02/03/2021,TUE,709786
01/03/2021,MON,703027
28/02/2021,SUN,388750
27/02/2021,SAT,574906
26/02/2021,FRI,741900
25/02/2021,THU,684920
24/02/2021,WED,688835
23/02/2021,TUE,689849
22/02/2021,MON,646435
21/02/2021,SUN,373397
20/02/2021,SAT,535992
19/02/2021,FRI,680068
18/02/2021,THU,654144
17/02/2021,WED,649232
16/02/2021,TUE,641875
15/02/2021,MON,644318
14/02/2021,SUN,344954
13/02/2021,SAT,486119
12/02/2021,FRI,663692
11/02/2021,THU,634477
10/02/2021,WED,640006
09/02/2021,TUE,592886
08/02/2021,MON,584819
07/02/2021,SUN,304363
06/02/2021,SAT,488524
05/02/2021,FRI,688693
04/02/2021,THU,635322
03/02/2021,WED,628336
02/02/2021,TUE,643814
01/02/2021,MON,632461
31/01/2021,SUN,340754
30/01/2021,SAT,436335
29/01/2021,FRI,645718
28/01/2021,THU,627043
27/01/2021,WED,618283
26/01/2021,TUE,604913
25/01/2021,MON,614842
24/01/2021,SUN,288804
23/01/2021,SAT,466330
22/01/2021,FRI,640058
21/01/2021,THU,616429
20/01/2021,WED,580716
19/01/2021,TUE,598785
18/01/2021,MON,601704
17/01/2021,SUN,327804
16/01/2021,SAT,414975
15/01/2021,FRI,619012
14/01/2021,THU,559966
13/01/2021,WED,571120
12/01/2021,TUE,581363
11/01/2021,MON,586663
10/01/2021,SUN,295940
09/01/2021,SAT,432519
08/01/2021,FRI,594533
07/01/2021,THU,588529
06/01/2021,WED,595321
05/01/2021,TUE,591355
04/01/2021,MON,613674
03/01/2021,SUN,330860
02/01/2021,SAT,426533
01/01/2021,FRI,261241
31/12/2020,THU,534879
30/12/2020,WED,554908
29/12/2020,TUE,540628
28/12/2020,MON,395726
27/12/2020,SUN,331718
26/12/2020,SAT,281812
25/12/2020,FRI,183
24/12/2020,THU,574978
23/12/2020,WED,664557
22/12/2020,TUE,683516
21/12/2020,MON,682186
20/12/2020,SUN,442431
19/12/2020,SAT,751493
18/12/2020,FRI,959185
17/12/2020,THU,1051907
16/12/2020,WED,1050205
15/12/2020,TUE,1200801
14/12/2020,MON,1141613
13/12/2020,SUN,596269
12/12/2020,SAT,887184
11/12/2020,FRI,1212916
10/12/2020,THU,1195921
09/12/2020,WED,1195765
08/12/2020,TUE,1196177
07/12/2020,MON,1166645
06/12/2020,SUN,612744
05/12/2020,SAT,888354
04/12/2020,FRI,1210291
03/12/2020,THU,1141560
02/12/2020,WED,1179203
01/12/2020,TUE,1078840
30/11/2020,MON,1032665
29/11/2020,SUN,426169
28/11/2020,SAT,626143
27/11/2020,FRI,1028841
26/11/2020,THU,1046384
25/11/2020,WED,1028823
24/11/2020,TUE,1049815
23/11/2020,MON,1028220
22/11/2020,SUN,433466
21/11/2020,SAT,612519
20/11/2020,FRI,1028276
19/11/2020,THU,1029900
18/11/2020,WED,1039051
17/11/2020,TUE,1045259
16/11/2020,MON,1030418
15/11/2020,SUN,406652
14/11/2020,SAT,556326
13/11/2020,FRI,1045819
12/11/2020,THU,1052893
11/11/2020,WED,1040081
10/11/2020,TUE,1052830
09/11/2020,MON,1034119
08/11/2020,SUN,396777
07/11/2020,SAT,580894
06/11/2020,FRI,1014913
05/11/2020,THU,1013978
04/11/2020,WED,1340986
03/11/2020,TUE,1292991
02/11/2020,MON,1223003
01/11/2020,SUN,643494
31/10/2020,SAT,832824
30/10/2020,FRI,1060199
29/10/2020,THU,968603
28/10/2020,WED,1020052
27/10/2020,TUE,969437
26/10/2020,MON,1002508
25/10/2020,SUN,626707
24/10/2020,SAT,836312
23/10/2020,FRI,1171264
22/10/2020,THU,1200142
21/10/2020,WED,1121017
20/10/2020,TUE,1187216
19/10/2020,MON,1169452
18/10/2020,SUN,615131
17/10/2020,SAT,848554
16/10/2020,FRI,1288127
15/10/2020,THU,1263667
14/10/2020,WED,1259609
13/10/2020,TUE,1233828
12/10/2020,MON,1213436
11/10/2020,SUN,654401
10/10/2020,SAT,894882
09/10/2020,FRI,1268896
08/10/2020,THU,1229208
07/10/2020,WED,1254842
06/10/2020,TUE,1234920
05/10/2020,MON,1217930
04/10/2020,SUN,569955
03/10/2020,SAT,834698
02/10/2020,FRI,1167323
01/10/2020,THU,1255693
30/09/2020,WED,1216642
29/09/2020,TUE,1217338
28/09/2020,MON,1195108
27/09/2020,SUN,608860
26/09/2020,SAT,866070
25/09/2020,FRI,1225563
24/09/2020,THU,1211799
23/09/2020,WED,1203876
22/09/2020,TUE,1233916
21/09/2020,MON,1201301
20/09/2020,SUN,649985
19/09/2020,SAT,884621
18/09/2020,FRI,1257544
17/09/2020,THU,1235600
16/09/2020,WED,1226590
15/09/2020,TUE,1220060
14/09/2020,MON,1198213
13/09/2020,SUN,656754
12/09/2020,SAT,877463
11/09/2020,FRI,1236726
10/09/2020,THU,1217429
09/09/2020,WED,1194337
08/09/2020,TUE,1180021
07/09/2020,MON,1133302
06/09/2020,SUN,634245
05/09/2020,SAT,861479
04/09/2020,FRI,1102155
03/09/2020,THU,1028785
02/09/2020,WED,1001689
01/09/2020,TUE,983643
31/08/2020,MON,722576
30/08/2020,SUN,612902
29/08/2020,SAT,790115
28/08/2020,FRI,946982
27/08/2020,THU,907542
26/08/2020,WED,979402
25/08/2020,TUE,896021
24/08/2020,MON,918513
23/08/2020,SUN,572583
22/08/2020,SAT,777126
21/08/2020,FRI,905519
20/08/2020,THU,939645
19/08/2020,WED,840994
18/08/2020,TUE,897496
17/08/2020,MON,861640
16/08/2020,SUN,537989
15/08/2020,SAT,717385
14/08/2020,FRI,857254
13/08/2020,THU,832812
12/08/2020,WED,833801
11/08/2020,TUE,835659
10/08/2020,MON,828533
09/08/2020,SUN,533479
08/08/2020,SAT,706675
07/08/2020,FRI,836997
06/08/2020,THU,842747
05/08/2020,WED,858892
04/08/2020,TUE,847395
03/08/2020,MON,823309
02/08/2020,SUN,532696
01/08/2020,SAT,709640
31/07/2020,FRI,825877
30/07/2020,THU,831741
29/07/2020,WED,831299
28/07/2020,TUE,818487
27/07/2020,MON,759071
26/07/2020,SUN,509321
25/07/2020,SAT,648504
24/07/2020,FRI,825410
23/07/2020,THU,797469
22/07/2020,WED,793750
21/07/2020,TUE,787691
20/07/2020,MON,778350
19/07/2020,SUN,465042
18/07/2020,SAT,676183
17/07/2020,FRI,819474
16/07/2020,THU,779529
15/07/2020,WED,766317
14/07/2020,TUE,760751
13/07/2020,MON,754361
12/07/2020,SUN,472557
11/07/2020,SAT,642882
10/07/2020,FRI,768542
09/07/2020,THU,715700
08/07/2020,WED,701011
07/07/2020,TUE,726366
06/07/2020,MON,709663
05/07/2020,SUN,435693
04/07/2020,SAT,573450
03/07/2020,FRI,697577
02/07/2020,THU,654812
01/07/2020,WED,658474
30/06/2020,TUE,661012
29/06/2020,MON,660041
28/06/2020,SUN,381925
27/06/2020,SAT,510088
26/06/2020,FRI,651678
25/06/2020,THU,636548
24/06/2020,WED,637420
23/06/2020,TUE,638547
22/06/2020,MON,629999
21/06/2020,SUN,343468
20/06/2020,SAT,506042
19/06/2020,FRI,593580
18/06/2020,THU,540400
17/06/2020,WED,550690
16/06/2020,TUE,557709
15/06/2020,MON,555781
14/06/2020,SUN,285685
13/06/2020,SAT,407785
12/06/2020,FRI,463121
11/06/2020,THU,440699
10/06/2020,WED,429033
09/06/2020,TUE,452361
08/06/2020,MON,437345
07/06/2020,SUN,233226
06/06/2020,SAT,312406
05/06/2020,FRI,316534
04/06/2020,THU,309143
03/06/2020,WED,308297
02/06/2020,TUE,313565
01/06/2020,MON,307344
31/05/2020,SUN,150442
30/05/2020,SAT,208616
29/05/2020,FRI,185474
28/05/2020,THU,178029
27/05/2020,WED,174107
26/05/2020,TUE,172623
25/05/2020,MON,95418
24/05/2020,SUN,70458
23/05/2020,SAT,97577
22/05/2020,FRI,145544
21/05/2020,THU,140576
20/05/2020,WED,141747
19/05/2020,TUE,138530
18/05/2020,MON,136573
17/05/2020,SUN,53202
16/05/2020,SAT,76000
15/05/2020,FRI,125644
14/05/2020,THU,121464
13/05/2020,WED,120137
12/05/2020,TUE,118933
11/05/2020,MON,116504
10/05/2020,SUN,44317
09/05/2020,SAT,65515
08/05/2020,FRI,70748
07/05/2020,THU,114688
06/05/2020,WED,113459
05/05/2020,TUE,112364
04/05/2020,MON,112265
03/05/2020,SUN,42535
02/05/2020,SAT,65236
01/05/2020,FRI,110915
30/04/2020,THU,107518
29/04/2020,WED,108600
28/04/2020,TUE,103839
27/04/2020,MON,109445
26/04/2020,SUN,44672
25/04/2020,SAT,64398
24/04/2020,FRI,110376
23/04/2020,THU,109980
22/04/2020,WED,111647
21/04/2020,TUE,114449
20/04/2020,MON,121494
19/04/2020,SUN,147581
18/04/2020,SAT,233630
17/04/2020,FRI,314794
16/04/2020,THU,307623
15/04/2020,WED,308433
14/04/2020,TUE,315169
13/04/2020,MON,193602
12/04/2020,SUN,134507
11/04/2020,SAT,228626
10/04/2020,FRI,228866
09/04/2020,THU,316333
08/04/2020,WED,308994
07/04/2020,TUE,310579
06/04/2020,MON,315865
05/04/2020,SUN,172965
04/04/2020,SAT,248355
03/04/2020,FRI,335629
02/04/2020,THU,318752
01/04/2020,WED,326785
31/03/2020,TUE,333953
30/03/2020,MON,333533
29/03/2020,SUN,170515
28/03/2020,SAT,264300
27/03/2020,FRI,380623
26/03/2020,THU,376726
25/03/2020,WED,400387
24/03/2020,TUE,471014
23/03/2020,MON,662002
22/03/2020,SUN,385650
21/03/2020,SAT,633184
20/03/2020,FRI,1130937
19/03/2020,THU,1270437
18/03/2020,WED,1416082
17/03/2020,TUE,1621082
16/03/2020,MON,1865662
15/03/2020,SUN,971439
14/03/2020,SAT,1383553
13/03/2020,FRI,2129536
12/03/2020,THU,2251471
11/03/2020,WED,2308103
10/03/2020,TUE,2322401
09/03/2020,MON,2326672
08/03/2020,SUN,1254029
07/03/2020,SAT,1695030
06/03/2020,FRI,2426805
05/03/2020,THU,2351458
04/03/2020,WED,2423505
03/03/2020,TUE,2444524
02/03/2020,MON,2397776
01/03/2020,SUN,1335552
29/02/2020,SAT,1688176
28/02/2020,FRI,2407858
27/02/2020,THU,2451132
26/02/2020,WED,2487058
25/02/2020,TUE,2488222
24/02/2020,MON,2344462
23/02/2020,SUN,1271515
22/02/2020,SAT,1654581
21/02/2020,FRI,2172037
20/02/2020,THU,2132977
19/02/2020,WED,2168988
18/02/2020,TUE,2178157
17/02/2020,MON,2146217
16/02/2020,SUN,1118998
15/02/2020,SAT,1516357
14/02/2020,FRI,2403695
13/02/2020,THU,2423044
12/02/2020,WED,2445498
11/02/2020,TUE,2436105
10/02/2020,MON,2359644
09/02/2020,SUN,998587
08/02/2020,SAT,1737365
07/02/2020,FRI,2456111
06/02/2020,THU,2475665
05/02/2020,WED,2471593
04/02/2020,TUE,2451145
03/02/2020,MON,2401876
02/02/2020,SUN,1297999
01/02/2020,SAT,1759377
31/01/2020,FRI,2460597
30/01/2020,THU,2455433
29/01/2020,WED,2471677
28/01/2020,TUE,2466704
27/01/2020,MON,2388384
26/01/2020,SUN,1297950
25/01/2020,SAT,1756536
24/01/2020,FRI,2467566
23/01/2020,THU,2482314
22/01/2020,WED,2466609
21/01/2020,TUE,2477976
20/01/2020,MON,2419576
19/01/2020,SUN,1324818
18/01/2020,SAT,1766462
17/01/2020,FRI,2441444
16/01/2020,THU,2452814
15/01/2020,WED,2422926
14/01/2020,TUE,2395237
13/01/2020,MON,2368865
12/01/2020,SUN,1245608
11/01/2020,SAT,1641917
10/01/2020,FRI,2373097
09/01/2020,THU,2352434
08/01/2020,WED,2331993
07/01/2020,TUE,2295901
06/01/2020,MON,2149061
05/01/2020,SUN,1170323
04/01/2020,SAT,1533466
03/01/2020,FRI,1858833
02/01/2020,THU,1795948
01/01/2020,WED,1039716
31/12/2019,TUE,1716511
30/12/2019,MON,1761143
29/12/2019,SUN,1289299
28/12/2019,SAT,1493915
27/12/2019,FRI,1568935
26/12/2019,THU,968940
25/12/2019,WED,644
24/12/2019,TUE,1563086
23/12/2019,MON,1910645
22/12/2019,SUN,1373062
21/12/2019,SAT,1687778
20/12/2019,FRI,2209546
19/12/2019,THU,2341988
18/12/2019,WED,2414330
17/12/2019,TUE,2393704
16/12/2019,MON,2394629
15/12/2019,SUN,1429756
14/12/2019,SAT,1836958
13/12/2019,FRI,2503258
12/12/2019,THU,2486121
11/12/2019,WED,2541289
10/12/2019,TUE,2498825
09/12/2019,MON,2505830
08/12/2019,SUN,1435353
07/12/2019,SAT,1906274
06/12/2019,FRI,2541557
05/12/2019,THU,2590039
04/12/2019,WED,2570713
03/12/2019,TUE,2560477
02/12/2019,MON,2508181
01/12/2019,SUN,1440614
30/11/2019,SAT,1912164
29/11/2019,FRI,2627073
28/11/2019,THU,2607417
27/11/2019,WED,2573244
26/11/2019,TUE,2563737
25/11/2019,MON,2502019
24/11/2019,SUN,1431705
23/11/2019,SAT,1867124
22/11/2019,FRI,2563143
21/11/2019,THU,2577198
20/11/2019,WED,2568564
19/11/2019,TUE,2551111
18/11/2019,MON,2503199
17/11/2019,SUN,1407069
16/11/2019,SAT,1830283
15/11/2019,FRI,2546398
14/11/2019,THU,2598429
13/11/2019,WED,2580798
12/11/2019,TUE,2552364
11/11/2019,MON,2513009
10/11/2019,SUN,1439406
09/11/2019,SAT,1822402
08/11/2019,FRI,2552422
07/11/2019,THU,2581852
06/11/2019,WED,2572490
05/11/2019,TUE,2569619
04/11/2019,MON,2511224
03/11/2019,SUN,1426562
01/11/2019,FRI,2504566
31/10/2019,THU,2566966
30/10/2019,WED,2544749
29/10/2019,TUE,2515142
28/10/2019,MON,2437686
27/10/2019,SUN,1489935
26/10/2019,SAT,1762113
25/10/2019,FRI,2321748
24/10/2019,THU,2250112
23/10/2019,WED,2308950
22/10/2019,TUE,2343298
21/10/2019,MON,2231176
20/10/2019,SUN,1416396
19/10/2019,SAT,1881240
18/10/2019,FRI,2536885
17/10/2019,THU,2576279
16/10/2019,WED,2578099
15/10/2019,TUE,2596573
14/10/2019,MON,2498289
13/10/2019,SUN,1407723
12/10/2019,SAT,1807656
11/10/2019,FRI,2544896
10/10/2019,THU,2620373
09/10/2019,WED,2572125
08/10/2019,TUE,2582206
07/10/2019,MON,2537989
06/10/2019,SUN,1444737
05/10/2019,SAT,1899518
04/10/2019,FRI,2584326
03/10/2019,THU,2600075
02/10/2019,WED,2589383
01/10/2019,TUE,2515610
30/09/2019,MON,2572172
29/09/2019,SUN,1412478
28/09/2019,SAT,1920295
27/09/2019,FRI,2626324
26/09/2019,THU,2645313
25/09/2019,WED,2626549
24/09/2019,TUE,2554473
23/09/2019,MON,2576125
22/09/2019,SUN,1434841
21/09/2019,SAT,1924563
20/09/2019,FRI,2624040
19/09/2019,THU,2637948
18/09/2019,WED,2618781
17/09/2019,TUE,2618738
16/09/2019,MON,2531812
15/09/2019,SUN,1483636
14/09/2019,SAT,1899110
13/09/2019,FRI,2584710
12/09/2019,THU,2592584
11/09/2019,WED,2553959
10/09/2019,TUE,2552305
09/09/2019,MON,2449131
08/09/2019,SUN,1425661
07/09/2019,SAT,1800788
06/09/2019,FRI,2463947
05/09/2019,THU,2483245
04/09/2019,WED,2391729
03/09/2019,TUE,2315148
02/09/2019,MON,2223088
01/09/2019,SUN,1384530
31/08/2019,SAT,1753516
30/08/2019,FRI,2211420
29/08/2019,THU,2223282
28/08/2019,WED,2188626
27/08/2019,TUE,2126381
26/08/2019,MON,1437039
25/08/2019,SUN,1417682
24/08/2019,SAT,1717923
23/08/2019,FRI,2186862
22/08/2019,THU,2244133
21/08/2019,WED,2220749
20/08/2019,TUE,2225331
19/08/2019,MON,2155192
18/08/2019,SUN,1383441
17/08/2019,SAT,1772082
16/08/2019,FRI,2157391
15/08/2019,THU,2281505
14/08/2019,WED,2107515
13/08/2019,TUE,2249283
12/08/2019,MON,2120204
11/08/2019,SUN,1423501
10/08/2019,SAT,1728612
09/08/2019,FRI,2198771
08/08/2019,THU,2275382
07/08/2019,WED,2257001
06/08/2019,TUE,2255930
05/08/2019,MON,2188064
04/08/2019,SUN,1440211
03/08/2019,SAT,1794634
02/08/2019,FRI,2249409
01/08/2019,THU,2285330
31/07/2019,WED,2279704
30/07/2019,TUE,2207884
29/07/2019,MON,2252265
28/07/2019,SUN,1438123
27/07/2019,SAT,1712683
26/07/2019,FRI,2239750
25/07/2019,THU,2158154
24/07/2019,WED,2296992
23/07/2019,TUE,2347249
22/07/2019,MON,2328573
21/07/2019,SUN,1492109
20/07/2019,SAT,1841899
19/07/2019,FRI,2433849
18/07/2019,THU,2498008
17/07/2019,WED,2523587
16/07/2019,TUE,2536952
15/07/2019,MON,2480252
14/07/2019,SUN,1495898
13/07/2019,SAT,1926546
12/07/2019,FRI,2558010
11/07/2019,THU,2585817
10/07/2019,WED,2578121
09/07/2019,TUE,2567666
08/07/2019,MON,2525918
07/07/2019,SUN,1537596
06/07/2019,SAT,1992537
05/07/2019,FRI,2608108
04/07/2019,THU,2642077
03/07/2019,WED,2626578
02/07/2019,TUE,2615680
01/07/2019,MON,2544858
30/06/2019,SUN,1545355
29/06/2019,SAT,1940958
28/06/2019,FRI,2594575
27/06/2019,THU,2625311
26/06/2019,WED,2614726
25/06/2019,TUE,2591074
24/06/2019,MON,2538241
23/06/2019,SUN,1522496
22/06/2019,SAT,1968565
21/06/2019,FRI,2620528
20/06/2019,THU,2642550
19/06/2019,WED,2608304
18/06/2019,TUE,2594102
17/06/2019,MON,2576388
16/06/2019,SUN,1476245
15/06/2019,SAT,1927421
14/06/2019,FRI,2652418
13/06/2019,THU,2587455
12/06/2019,WED,2608737
11/06/2019,TUE,2632181
10/06/2019,MON,2424888
09/06/2019,SUN,1485315
08/06/2019,SAT,1901908
07/06/2019,FRI,2562989
06/06/2019,THU,2644095
05/06/2019,WED,2575286
04/06/2019,TUE,2522662
03/06/2019,MON,2529843
02/06/2019,SUN,1480538
01/06/2019,SAT,1939980
31/05/2019,FRI,2391586
30/05/2019,THU,2393777
29/05/2019,WED,2357239
28/05/2019,TUE,2320271
27/05/2019,MON,1498473
26/05/2019,SUN,1480008
25/05/2019,SAT,1867889
24/05/2019,FRI,2582444
23/05/2019,THU,2628704
22/05/2019,WED,2628286
21/05/2019,TUE,2630710
20/05/2019,MON,2555695
19/05/2019,SUN,1437317
18/05/2019,SAT,1883939
17/05/2019,FRI,2591499
16/05/2019,THU,2642528
15/05/2019,WED,2635461
14/05/2019,TUE,2626364
13/05/2019,MON,2571694
12/05/2019,SUN,1463990
11/05/2019,SAT,1846691
10/05/2019,FRI,2638302
09/05/2019,THU,2624579
08/05/2019,WED,2555977
07/05/2019,TUE,2606872
06/05/2019,MON,1432390
05/05/2019,SUN,1493417
04/05/2019,SAT,1891235
03/05/2019,FRI,2645163
02/05/2019,THU,2687375
01/05/2019,WED,2674213
30/04/2019,TUE,2677982
29/04/2019,MON,2591401
28/04/2019,SUN,1470095
27/04/2019,SAT,1891221
26/04/2019,FRI,2629346
25/04/2019,THU,2619251
24/04/2019,WED,2568320
23/04/2019,TUE,2478832
22/04/2019,MON,1439366
21/04/2019,SUN,1299869
20/04/2019,SAT,1777228
19/04/2019,FRI,1723812
18/04/2019,THU,2374028
17/04/2019,WED,2375830
16/04/2019,TUE,2355002
15/04/2019,MON,2320733
14/04/2019,SUN,1452521
13/04/2019,SAT,1849916
12/04/2019,FRI,2379407
11/04/2019,THU,2423114
10/04/2019,WED,2438041
09/04/2019,TUE,2368455
08/04/2019,MON,2348732
07/04/2019,SUN,1433365
06/04/2019,SAT,1861769
05/04/2019,FRI,2618732
04/04/2019,THU,2617795
03/04/2019,WED,2635377
02/04/2019,TUE,2591682
01/04/2019,MON,2598051
31/03/2019,SUN,1457530
30/03/2019,SAT,2003416
29/03/2019,FRI,2701821
28/03/2019,THU,2699592
27/03/2019,WED,2669690
26/03/2019,TUE,2677073
25/03/2019,MON,2625770
24/03/2019,SUN,1532533
23/03/2019,SAT,2013281
22/03/2019,FRI,2683659
21/03/2019,THU,2697506
20/03/2019,WED,2674185
19/03/2019,TUE,2685034
18/03/2019,MON,2632080
17/03/2019,SUN,1494708
16/03/2019,SAT,1901440
15/03/2019,FRI,2678465
14/03/2019,THU,2685199
13/03/2019,WED,2674750
12/03/2019,TUE,2600873
11/03/2019,MON,2649025
10/03/2019,SUN,1454637
09/03/2019,SAT,1955321
08/03/2019,FRI,2719831
07/03/2019,THU,2723125
06/03/2019,WED,2687868
05/03/2019,TUE,2721203
04/03/2019,MON,2654406
03/03/2019,SUN,1401979
02/03/2019,SAT,1975560
01/03/2019,FRI,2709024
28/02/2019,THU,2708965
27/02/2019,WED,2724928
26/02/2019,TUE,2697894
25/02/2019,MON,2603398
24/02/2019,SUN,1491151
23/02/2019,SAT,1911577
22/02/2019,FRI,2448164
21/02/2019,THU,2458178
20/02/2019,WED,2439587
19/02/2019,TUE,2445519
18/02/2019,MON,2336580
17/02/2019,SUN,1504314
16/02/2019,SAT,1884858
15/02/2019,FRI,2646797
14/02/2019,THU,2698687
13/02/2019,WED,2696327
12/02/2019,TUE,2681185
11/02/2019,MON,2634125
10/02/2019,SUN,1434836
09/02/2019,SAT,1914142
08/02/2019,FRI,2609084
07/02/2019,THU,2700882
06/02/2019,WED,2684533
05/02/2019,TUE,2678852
04/02/2019,MON,2578330
03/02/2019,SUN,1438381
02/02/2019,SAT,1879403
01/02/2019,FRI,2499484
31/01/2019,THU,2660911
30/01/2019,WED,2660392
29/01/2019,TUE,2670658
28/01/2019,MON,2635471
27/01/2019,SUN,1409601
26/01/2019,SAT,1906668
25/01/2019,FRI,2704285
24/01/2019,THU,2675471
23/01/2019,WED,2646104
22/01/2019,TUE,2671025
21/01/2019,MON,2610891
20/01/2019,SUN,1445058
19/01/2019,SAT,1877937
18/01/2019,FRI,2673181
17/01/2019,THU,2682524
16/01/2019,WED,2631470
15/01/2019,TUE,2648901
14/01/2019,MON,2595486
13/01/2019,SUN,1380242
12/01/2019,SAT,1823715
11/01/2019,FRI,2600467
10/01/2019,THU,2576938
09/01/2019,WED,2558972
08/01/2019,TUE,2553138
07/01/2019,MON,2394429
06/01/2019,SUN,1278491
05/01/2019,SAT,1664945
04/01/2019,FRI,2161392
03/01/2019,THU,2115920
02/01/2019,WED,2034537
01/01/2019,TUE,1154969
31/12/2018,MON,1872597
30/12/2018,SUN,1400920
29/12/2018,SAT,1693069
28/12/2018,FRI,1824746
27/12/2018,THU,1725292
26/12/2018,WED,1151140
25/12/2018,TUE,718
24/12/2018,MON,1675765
23/12/2018,SUN,1428379
22/12/2018,SAT,1895101
21/12/2018,FRI,2444147
20/12/2018,THU,2542759
19/12/2018,WED,2619649
18/12/2018,TUE,2612751
17/12/2018,MON,2627014
16/12/2018,SUN,1557605
15/12/2018,SAT,1921075
14/12/2018,FRI,2762611
13/12/2018,THU,2779537
12/12/2018,WED,2770180
11/12/2018,TUE,2781949
10/12/2018,MON,2729618
09/12/2018,SUN,1585172
08/12/2018,SAT,2103888
07/12/2018,FRI,2790103
06/12/2018,THU,2792064
05/12/2018,WED,2797287
04/12/2018,TUE,2823280
03/12/2018,MON,2737314
02/12/2018,SUN,1603402
01/12/2018,SAT,2012664
30/11/2018,FRI,2847092
29/11/2018,THU,2791113
28/11/2018,WED,2754044
27/11/2018,TUE,2761596
26/11/2018,MON,2725858
25/11/2018,SUN,1554763
24/11/2018,SAT,2068573
23/11/2018,FRI,2845454
22/11/2018,THU,2813145
21/11/2018,WED,2801967
20/11/2018,TUE,2714684
19/11/2018,MON,2698511
18/11/2018,SUN,1578080
17/11/2018,SAT,2073570
16/11/2018,FRI,2808561
15/11/2018,THU,2837530
14/11/2018,WED,2812039
13/11/2018,TUE,2809798
12/11/2018,MON,2719015
11/11/2018,SUN,1578301
10/11/2018,SAT,2004579
09/11/2018,FRI,2786769
08/11/2018,THU,2813576
07/11/2018,WED,2694784
06/11/2018,TUE,2792523
05/11/2018,MON,2732249
04/11/2018,SUN,1537518
03/11/2018,SAT,2072479
02/11/2018,FRI,2820654
01/11/2018,THU,2749304
31/10/2018,WED,2817831
30/10/2018,TUE,2739248
29/10/2018,MON,2680569
28/10/2018,SUN,1533076
27/10/2018,SAT,1985487
26/10/2018,FRI,2530310
25/10/2018,THU,2562112
24/10/2018,WED,2539745
23/10/2018,TUE,2532703
22/10/2018,MON,2499447
21/10/2018,SUN,1604982
20/10/2018,SAT,2081259
19/10/2018,FRI,2784104
18/10/2018,THU,2821795
17/10/2018,WED,2776863
16/10/2018,TUE,2826537
15/10/2018,MON,2730592
14/10/2018,SUN,1451150
13/10/2018,SAT,2074728
12/10/2018,FRI,2815449
11/10/2018,THU,2833676
10/10/2018,WED,2833644
09/10/2018,TUE,2827543
08/10/2018,MON,2748502
07/10/2018,SUN,1599146
06/10/2018,SAT,1890201
05/10/2018,FRI,2780547
04/10/2018,THU,2822005
03/10/2018,WED,2803854
02/10/2018,TUE,2772114
01/10/2018,MON,2726080
30/09/2018,SUN,1551698
29/09/2018,SAT,2086045
28/09/2018,FRI,2792330
27/09/2018,THU,2809037
26/09/2018,WED,2808695
25/09/2018,TUE,2785773
24/09/2018,MON,2735979
23/09/2018,SUN,1459543
22/09/2018,SAT,1965402
21/09/2018,FRI,2781216
20/09/2018,THU,2779473
19/09/2018,WED,2732837
18/09/2018,TUE,2739827
17/09/2018,MON,2699744
16/09/2018,SUN,1535210
15/09/2018,SAT,2007961
14/09/2018,FRI,2730045
13/09/2018,THU,2750842
12/09/2018,WED,2708186
11/09/2018,TUE,2684186
10/09/2018,MON,2635313
09/09/2018,SUN,1510525
08/09/2018,SAT,1936085
07/09/2018,FRI,2669025
06/09/2018,THU,2652759
05/09/2018,WED,2581379
04/09/2018,TUE,2477859
03/09/2018,MON,2384040
02/09/2018,SUN,1462655
01/09/2018,SAT,1871292
31/08/2018,FRI,2366291
30/08/2018,THU,2368757
29/08/2018,WED,2304353
28/08/2018,TUE,2312887
27/08/2018,MON,1549715
26/08/2018,SUN,1309175
25/08/2018,SAT,1823583
24/08/2018,FRI,2318940
23/08/2018,THU,2339540
22/08/2018,WED,2320271
21/08/2018,TUE,2321523
20/08/2018,MON,2286188
19/08/2018,SUN,1464838
18/08/2018,SAT,1861226
17/08/2018,FRI,2375376
16/08/2018,THU,2267449
15/08/2018,WED,2373683
14/08/2018,TUE,2364481
13/08/2018,MON,2296864
12/08/2018,SUN,1455231
11/08/2018,SAT,1888905
10/08/2018,FRI,2328014
09/08/2018,THU,2293409
08/08/2018,WED,2398029
07/08/2018,TUE,2345772
06/08/2018,MON,2303726
05/08/2018,SUN,1502307
04/08/2018,SAT,1864301
03/08/2018,FRI,2359636
02/08/2018,THU,2418494
01/08/2018,WED,2435611
31/07/2018,TUE,2428110
30/07/2018,MON,2360835
29/07/2018,SUN,1421378
28/07/2018,SAT,1928018
27/07/2018,FRI,2369488
26/07/2018,THU,2423383
25/07/2018,WED,2464470
24/07/2018,TUE,2466966
23/07/2018,MON,2422597
22/07/2018,SUN,1558908
21/07/2018,SAT,1963392
20/07/2018,FRI,2598230
19/07/2018,THU,2655280
18/07/2018,WED,2669595
17/07/2018,TUE,2672275
16/07/2018,MON,2609629
15/07/2018,SUN,1603851
14/07/2018,SAT,2040095
13/07/2018,FRI,2712902
12/07/2018,THU,2708811
11/07/2018,WED,2726027
10/07/2018,TUE,2745932
09/07/2018,MON,2653445
08/07/2018,SUN,1628483
07/07/2018,SAT,2057299
06/07/2018,FRI,2745822
05/07/2018,THU,2775294
04/07/2018,WED,2766863
03/07/2018,TUE,2756331
02/07/2018,MON,2680446
01/07/2018,SUN,1602761
30/06/2018,SAT,2055276
29/06/2018,FRI,2751410
28/06/2018,THU,2766536
27/06/2018,WED,2761174
26/06/2018,TUE,2744673
25/06/2018,MON,2691291
24/06/2018,SUN,1603294
23/06/2018,SAT,2083969
22/06/2018,FRI,2787623
21/06/2018,THU,2787433
20/06/2018,WED,2769362
19/06/2018,TUE,2766824
18/06/2018,MON,2715312
17/06/2018,SUN,1576208
16/06/2018,SAT,2024893
15/06/2018,FRI,2749067
14/06/2018,THU,2771696
13/06/2018,WED,2791747
12/06/2018,TUE,2759598
11/06/2018,MON,2710964
10/06/2018,SUN,1568272
09/06/2018,SAT,2030004
08/06/2018,FRI,2776585
07/06/2018,THU,2773438
06/06/2018,WED,2757317
05/06/2018,TUE,2749155
04/06/2018,MON,2649892
03/06/2018,SUN,1534885
02/06/2018,SAT,1986001
01/06/2018,FRI,2520893
31/05/2018,THU,2514931
30/05/2018,WED,2504056
29/05/2018,TUE,2347431
28/05/2018,MON,1596890
27/05/2018,SUN,1553846
26/05/2018,SAT,2009216
25/05/2018,FRI,2785672
24/05/2018,THU,2793499
23/05/2018,WED,2796054
22/05/2018,TUE,2802626
21/05/2018,MON,2714791
20/05/2018,SUN,1578622
19/05/2018,SAT,1969252
18/05/2018,FRI,2811387
17/05/2018,THU,2817515
16/05/2018,WED,2785508
15/05/2018,TUE,2809586
14/05/2018,MON,2753206
13/05/2018,SUN,1582209
12/05/2018,SAT,1990072
11/05/2018,FRI,2842659
10/05/2018,THU,2855946
09/05/2018,WED,2836905
08/05/2018,TUE,2775147
07/05/2018,MON,1647866
06/05/2018,SUN,1669221
05/05/2018,SAT,2079946
04/05/2018,FRI,2824883
03/05/2018,THU,2855243
02/05/2018,WED,2784649
01/05/2018,TUE,2872302
30/04/2018,MON,2720351
29/04/2018,SUN,1569547
28/04/2018,SAT,2070566
27/04/2018,FRI,2831985
26/04/2018,THU,2880202
25/04/2018,WED,2847432
24/04/2018,TUE,2826084
23/04/2018,MON,2773282
22/04/2018,SUN,1669414
21/04/2018,SAT,2102345
20/04/2018,FRI,2848355
19/04/2018,THU,2843436
18/04/2018,WED,2825004
17/04/2018,TUE,2778236
16/04/2018,MON,2671173
15/04/2018,SUN,1483137
14/04/2018,SAT,2024883
13/04/2018,FRI,2539103
12/04/2018,THU,2541280
11/04/2018,WED,2522706
10/04/2018,TUE,2520641
09/04/2018,MON,2383370
08/04/2018,SUN,1425311
07/04/2018,SAT,1939270
06/04/2018,FRI,2500867
05/04/2018,THU,2538328
04/04/2018,WED,2450937
03/04/2018,TUE,2384640
02/04/2018,MON,1456609
01/04/2018,SUN,1321880
31/03/2018,SAT,1849468
30/03/2018,FRI,1695325
29/03/2018,THU,2741788
28/03/2018,WED,2711692
27/03/2018,TUE,2784813
26/03/2018,MON,2759554
25/03/2018,SUN,1542602
24/03/2018,SAT,2051100
23/03/2018,FRI,2859113
22/03/2018,THU,2860711
21/03/2018,WED,2855386
20/03/2018,TUE,2827215
19/03/2018,MON,2725351
18/03/2018,SUN,1389002
17/03/2018,SAT,1867335
16/03/2018,FRI,2875667
15/03/2018,THU,2860998
14/03/2018,WED,2864540
13/03/2018,TUE,2853045
12/03/2018,MON,2751508
11/03/2018,SUN,1575541
10/03/2018,SAT,2091748
09/03/2018,FRI,2871687
08/03/2018,THU,2878525
07/03/2018,WED,2869827
06/03/2018,TUE,2849244
05/03/2018,MON,2795757
04/03/2018,SUN,1459715
03/03/2018,SAT,1819277
02/03/2018,FRI,2271819
01/03/2018,THU,2297168
28/02/2018,WED,2528321
27/02/2018,TUE,2714528
26/02/2018,MON,2709140
25/02/2018,SUN,1562275
24/02/2018,SAT,2064138
23/02/2018,FRI,2869464
22/02/2018,THU,2884093
21/02/2018,WED,2867145
20/02/2018,TUE,2837194
19/02/2018,MON,2716829
18/02/2018,SUN,1549324
17/02/2018,SAT,2040218
16/02/2018,FRI,2617969
15/02/2018,THU,2607865
14/02/2018,WED,2589193
13/02/2018,TUE,2540692
12/02/2018,MON,2554479
11/02/2018,SUN,1555365
10/02/2018,SAT,1967725
09/02/2018,FRI,2799222
08/02/2018,THU,2852201
07/02/2018,WED,2837679
06/02/2018,TUE,2835606
05/02/2018,MON,2766107
04/02/2018,SUN,1534841
03/02/2018,SAT,1993991
02/02/2018,FRI,2873879
01/02/2018,THU,2882375
31/01/2018,WED,2852936
30/01/2018,TUE,2873323
29/01/2018,MON,2785927
28/01/2018,SUN,1566834
27/01/2018,SAT,2046376
26/01/2018,FRI,2900176
25/01/2018,THU,2909797
24/01/2018,WED,2781295
23/01/2018,TUE,2835333
22/01/2018,MON,2787931
21/01/2018,SUN,1392330
20/01/2018,SAT,1989280
19/01/2018,FRI,2871205
18/01/2018,THU,2835715
17/01/2018,WED,2830291
16/01/2018,TUE,2835407
15/01/2018,MON,2720616
14/01/2018,SUN,1471989
13/01/2018,SAT,2001854
12/01/2018,FRI,2801365
11/01/2018,THU,2776282
10/01/2018,WED,2774643
09/01/2018,TUE,2724342
08/01/2018,MON,2623524
07/01/2018,SUN,1395440
06/01/2018,SAT,1832025
05/01/2018,FRI,2568494
04/01/2018,THU,2525353
03/01/2018,WED,2389736
02/01/2018,TUE,2129320
01/01/2018,MON,1178966
31/12/2017,SUN,1561293
30/12/2017,SAT,1793313
29/12/2017,FRI,1892738
28/12/2017,THU,1913430
27/12/2017,WED,1644299
26/12/2017,TUE,1196513
25/12/2017,MON,2241
24/12/2017,SUN,1341091
23/12/2017,SAT,1866574
22/12/2017,FRI,2392552
21/12/2017,THU,2490748
20/12/2017,WED,2644865
19/12/2017,TUE,2716348
18/12/2017,MON,2710825
17/12/2017,SUN,1594524
16/12/2017,SAT,2154422
15/12/2017,FRI,2935038
14/12/2017,THU,2955870
13/12/2017,WED,2910713
12/12/2017,TUE,2937316
11/12/2017,MON,2715339
10/12/2017,SUN,1426970
09/12/2017,SAT,2241845
08/12/2017,FRI,3022605
07/12/2017,THU,2996282
06/12/2017,WED,3006796
05/12/2017,TUE,2991278
04/12/2017,MON,2921774
03/12/2017,SUN,1652978
02/12/2017,SAT,2206837
01/12/2017,FRI,2996196
30/11/2017,THU,2984831
29/11/2017,WED,2958657
28/11/2017,TUE,2968484
27/11/2017,MON,2891822
26/11/2017,SUN,1685713
25/11/2017,SAT,2246677
24/11/2017,FRI,3062491
23/11/2017,THU,3026486
22/11/2017,WED,2985012
21/11/2017,TUE,2975262
20/11/2017,MON,2897395
19/11/2017,SUN,1702243
18/11/2017,SAT,2161003
17/11/2017,FRI,3033712
16/11/2017,THU,3022887
15/11/2017,WED,2974896
14/11/2017,TUE,2976589
13/11/2017,MON,2903144
12/11/2017,SUN,1647331
11/11/2017,SAT,2148413
10/11/2017,FRI,2996683
09/11/2017,THU,2977803
08/11/2017,WED,2961840
07/11/2017,TUE,2953149
06/11/2017,MON,2910468
05/11/2017,SUN,1692752
04/11/2017,SAT,2148023
03/11/2017,FRI,3015498
02/11/2017,THU,3017922
01/11/2017,WED,2999345
31/10/2017,TUE,2985073
30/10/2017,MON,2879533
29/10/2017,SUN,1669213
28/10/2017,SAT,2183474
27/10/2017,FRI,2777029
26/10/2017,THU,2714848
25/10/2017,WED,2746426
24/10/2017,TUE,2719370
23/10/2017,MON,2632353
22/10/2017,SUN,1674152
21/10/2017,SAT,2112726
20/10/2017,FRI,2932876
19/10/2017,THU,2963117
18/10/2017,WED,2946253
17/10/2017,TUE,2974272
16/10/2017,MON,2893718
15/10/2017,SUN,1690990
14/10/2017,SAT,2208850
13/10/2017,FRI,2998156
12/10/2017,THU,3017656
11/10/2017,WED,2969963
10/10/2017,TUE,2984501
09/10/2017,MON,2911030
08/10/2017,SUN,1680082
07/10/2017,SAT,2169218
06/10/2017,FRI,3022941
05/10/2017,THU,2973729
04/10/2017,WED,2986867
03/10/2017,TUE,2991645
02/10/2017,MON,2926238
01/10/2017,SUN,1654035
30/09/2017,SAT,2221840
29/09/2017,FRI,2993221
28/09/2017,THU,3016764
27/09/2017,WED,2990589
26/09/2017,TUE,2980034
25/09/2017,MON,2897950
24/09/2017,SUN,1719028
23/09/2017,SAT,2188765
22/09/2017,FRI,2980459
21/09/2017,THU,2944871
20/09/2017,WED,2948590
19/09/2017,TUE,2942720
18/09/2017,MON,2852958
17/09/2017,SUN,1628025
16/09/2017,SAT,2112596
15/09/2017,FRI,2897267
14/09/2017,THU,2941152
13/09/2017,WED,2911694
12/09/2017,TUE,2917989
11/09/2017,MON,2827202
10/09/2017,SUN,1590266
09/09/2017,SAT,2110149
08/09/2017,FRI,2812716
07/09/2017,THU,2842172
06/09/2017,WED,2794147
05/09/2017,TUE,2680201
04/09/2017,MON,2571103
03/09/2017,SUN,1517893
02/09/2017,SAT,1987846
01/09/2017,FRI,2535026
31/08/2017,THU,2547281
30/08/2017,WED,2430077
29/08/2017,TUE,2461271
28/08/2017,MON,1664083
27/08/2017,SUN,1623049
26/08/2017,SAT,1942227
25/08/2017,FRI,2508084
24/08/2017,THU,2533040
23/08/2017,WED,2499389
22/08/2017,TUE,2503108
21/08/2017,MON,2413409
20/08/2017,SUN,1578328
19/08/2017,SAT,1971766
18/08/2017,FRI,2484221
17/08/2017,THU,2535709
16/08/2017,WED,2525716
15/08/2017,TUE,2528778
14/08/2017,MON,2473939
13/08/2017,SUN,1632898
12/08/2017,SAT,2027971
11/08/2017,FRI,2582354
10/08/2017,THU,2610476
09/08/2017,WED,2387839
08/08/2017,TUE,2559364
07/08/2017,MON,2494382
06/08/2017,SUN,1672075
05/08/2017,SAT,2035597
04/08/2017,FRI,2616735
03/08/2017,THU,2616991
02/08/2017,WED,2534246
01/08/2017,TUE,2611163
31/07/2017,MON,2557938
30/07/2017,SUN,1660667
29/07/2017,SAT,2050830
28/07/2017,FRI,2640309
27/07/2017,THU,2662054
26/07/2017,WED,2621000
25/07/2017,TUE,2680257
24/07/2017,MON,2567944
23/07/2017,SUN,1654806
22/07/2017,SAT,2012034
21/07/2017,FRI,2797126
20/07/2017,THU,2825058
19/07/2017,WED,2837580
18/07/2017,TUE,2858433
17/07/2017,MON,2810914
16/07/2017,SUN,1718288
15/07/2017,SAT,2178167
14/07/2017,FRI,2916891
13/07/2017,THU,2932720
12/07/2017,WED,2928471
11/07/2017,TUE,2887513
10/07/2017,MON,2854568
09/07/2017,SUN,1792181
08/07/2017,SAT,2293550
07/07/2017,FRI,2971950
06/07/2017,THU,2981254
05/07/2017,WED,2984710
04/07/2017,TUE,2975065
03/07/2017,MON,2898360
02/07/2017,SUN,1795975
01/07/2017,SAT,2268853
30/06/2017,FRI,3007078
30/06/2017,FRI,3007078
29/06/2017,THU,3013748
29/06/2017,THU,3013748
28/06/2017,WED,2965700
28/06/2017,WED,2965700
27/06/2017,TUE,2906163
27/06/2017,TUE,2906163
26/06/2017,MON,2825783
26/06/2017,MON,2825783
25/06/2017,SUN,1704745
25/06/2017,SUN,1704745
24/06/2017,SAT,2168143
24/06/2017,SAT,2168143
23/06/2017,FRI,2941494
22/06/2017,THU,2913426
21/06/2017,WED,2885545
20/06/2017,TUE,2903665
19/06/2017,MON,2813748
18/06/2017,SUN,1669894
17/06/2017,SAT,2201296
16/06/2017,FRI,3000807
15/06/2017,THU,2966970
14/06/2017,WED,2956116
13/06/2017,TUE,2958327
12/06/2017,MON,2886784
11/06/2017,SUN,1665473
10/06/2017,SAT,2166006
09/06/2017,FRI,2936144
08/06/2017,THU,2944973
07/06/2017,WED,2958660
06/06/2017,TUE,2834386
05/06/2017,MON,2832607
04/06/2017,SUN,1572597
03/06/2017,SAT,2175482
02/06/2017,FRI,2706416
01/06/2017,THU,2741764
31/05/2017,WED,2703560
30/05/2017,TUE,2668424
29/05/2017,MON,1685137
28/05/2017,SUN,1701607
27/05/2017,SAT,2169232
26/05/2017,FRI,3024151
25/05/2017,THU,3042523
24/05/2017,WED,3020770
23/05/2017,TUE,2980663
22/05/2017,MON,2955420
21/05/2017,SUN,1744252
20/05/2017,SAT,2214148
19/05/2017,FRI,3021884
18/05/2017,THU,3050911
17/05/2017,WED,2964534
16/05/2017,TUE,3011604
15/05/2017,MON,2918667
14/05/2017,SUN,1720902
13/05/2017,SAT,2220108
12/05/2017,FRI,3038354
11/05/2017,THU,3032724
10/05/2017,WED,3032382
09/05/2017,TUE,3019013
08/05/2017,MON,2953727
07/05/2017,SUN,1709260
06/05/2017,SAT,2217225
05/05/2017,FRI,3075583
04/05/2017,THU,3045372
03/05/2017,WED,3006667
02/05/2017,TUE,3013536
01/05/2017,MON,1687978
30/04/2017,SUN,1748806
29/04/2017,SAT,2265928
28/04/2017,FRI,3061264
27/04/2017,THU,3047578
26/04/2017,WED,3012314
25/04/2017,TUE,3025563
24/04/2017,MON,2931411
23/04/2017,SUN,1720504
22/04/2017,SAT,2208896
21/04/2017,FRI,2961217
20/04/2017,THU,2952560
19/04/2017,WED,2905726
18/04/2017,TUE,2792353
17/04/2017,MON,1590533
16/04/2017,SUN,1410982
15/04/2017,SAT,1997654
14/04/2017,FRI,1929324
13/04/2017,THU,2755779
12/04/2017,WED,2747337
11/04/2017,TUE,2751622
10/04/2017,MON,2677168
09/04/2017,SUN,1790161
08/04/2017,SAT,2246913
07/04/2017,FRI,2827014
06/04/2017,THU,2837329
05/04/2017,WED,2843498
04/04/2017,TUE,2791935
03/04/2017,MON,2781298
02/04/2017,SUN,1770641
01/04/2017,SAT,2228129
31/03/2017,FRI,3047471
30/03/2017,THU,3054909
29/03/2017,WED,3019746
28/03/2017,TUE,3040702
27/03/2017,MON,2974710
26/03/2017,SUN,1743084
25/03/2017,SAT,2325867
24/03/2017,FRI,3101279
23/03/2017,THU,3078885
22/03/2017,WED,3017719
21/03/2017,TUE,3090758
20/03/2017,MON,2984231
19/03/2017,SUN,1724099
18/03/2017,SAT,2287492
17/03/2017,FRI,3135846
16/03/2017,THU,3109723
15/03/2017,WED,3108629
14/03/2017,TUE,3084680
13/03/2017,MON,3043517
12/03/2017,SUN,1681354
11/03/2017,SAT,2318468
10/03/2017,FRI,3116570
09/03/2017,THU,3121426
08/03/2017,WED,3068672
07/03/2017,TUE,3105146
06/03/2017,MON,3036507
05/03/2017,SUN,1647345
04/03/2017,THU,2281790
04/03/2017,FRI,2282044
04/03/2017,SAT,2281790
03/03/2017,MON,3093224
03/03/2017,TUE,3093437
03/03/2017,WED,3093224
02/03/2017,FRI,3109302
02/03/2017,SAT,3109468
02/03/2017,SUN,3109302
01/03/2017,TUE,3088772
01/03/2017,WED,3088952
01/03/2017,THU,3088772
28/02/2017,SAT,3100720
28/02/2017,SUN,3100864
28/02/2017,MON,3100720
27/02/2017,WED,2980896
27/02/2017,THU,2981035
27/02/2017,FRI,2980896
26/02/2017,SUN,1725713
26/02/2017,MON,1725799
26/02/2017,TUE,1725713
25/02/2017,SAT,2222157
24/02/2017,FRI,3159821
23/02/2017,THU,3052601
22/02/2017,WED,3041505
21/02/2017,TUE,3065201
20/02/2017,MON,2982386
19/02/2017,SUN,1652410
18/02/2017,SAT,2192401
17/02/2017,FRI,2826166
16/02/2017,THU,2811893
15/02/2017,WED,2772846
14/02/2017,TUE,2825695
13/02/2017,MON,2756354
12/02/2017,SUN,1586930
11/02/2017,SAT,2075926
10/02/2017,FRI,2991486
09/02/2017,THU,3043581
08/02/2017,WED,3040570
07/02/2017,TUE,3053334
06/02/2017,MON,2977816
05/02/2017,SUN,1642009
04/02/2017,SAT,2234881
03/02/2017,FRI,3111035
02/02/2017,THU,3074631
01/02/2017,WED,3052115
31/01/2017,TUE,3058470
30/01/2017,MON,2992817
29/01/2017,SUN,1634782
28/01/2017,SAT,2232919
27/01/2017,FRI,3093789
26/01/2017,THU,3020114
25/01/2017,WED,3032813
24/01/2017,TUE,3047081
23/01/2017,MON,2953111
22/01/2017,SUN,1638874
21/01/2017,SAT,2203671
20/01/2017,FRI,3071624
19/01/2017,THU,3054274
18/01/2017,WED,3034337
17/01/2017,TUE,3045477
16/01/2017,MON,2944867
15/01/2017,SUN,1488402
14/01/2017,SAT,2119202
13/01/2017,FRI,2913318
12/01/2017,THU,2937679
11/01/2017,WED,2958844
10/01/2017,TUE,2944476
09/01/2017,MON,2408678
08/01/2017,SUN,1474842
07/01/2017,SAT,1984250
06/01/2017,FRI,2830775
05/01/2017,THU,2797651
04/01/2017,WED,2676638
03/01/2017,TUE,2499399
02/01/2017,MON,1639227
01/01/2017,SUN,1181648
31/12/2016,SAT,1966456
30/12/2016,FRI,2125729
29/12/2016,THU,2098417
28/12/2016,WED,2017315
27/12/2016,TUE,1643058
26/12/2016,MON,1307259
25/12/2016,SUN,714
24/12/2016,SAT,1691528
23/12/2016,FRI,2422038
22/12/2016,THU,2615202
21/12/2016,WED,2765612
20/12/2016,TUE,2882128
19/12/2016,MON,2870264
18/12/2016,SUN,1800346
17/12/2016,SAT,2343289
16/12/2016,FRI,3166389
15/12/2016,THU,3183738
14/12/2016,WED,3176895
13/12/2016,TUE,3130867
12/12/2016,MON,3109189
11/12/2016,SUN,1879955
10/12/2016,SAT,2405471
09/12/2016,FRI,3290993
08/12/2016,THU,3254731
07/12/2016,WED,3229003
06/12/2016,TUE,3193903
05/12/2016,MON,3148932
04/12/2016,SUN,1844613
03/12/2016,SAT,2449265
02/12/2016,FRI,3247202
01/12/2016,THU,3233898
30/11/2016,WED,3200110
29/11/2016,TUE,3185024
28/11/2016,MON,3138635
27/11/2016,SUN,1836335
26/11/2016,SAT,2444664
25/11/2016,FRI,3316052
24/11/2016,THU,3244403
23/11/2016,WED,3216909
22/11/2016,TUE,3189134
21/11/2016,MON,3084497
20/11/2016,SUN,1719516
19/11/2016,SAT,2392652
18/11/2016,FRI,3258427
17/11/2016,THU,3228762
16/11/2016,WED,3212224
15/11/2016,TUE,3207335
14/11/2016,MON,3116148
13/11/2016,SUN,1837911
12/11/2016,SAT,2244809
11/11/2016,FRI,3259487
10/11/2016,THU,3215660
09/11/2016,WED,3130514
08/11/2016,TUE,3187300
07/11/2016,MON,3125111
06/11/2016,SUN,1766596
05/11/2016,SAT,2376084
04/11/2016,FRI,3194816
03/11/2016,THU,3219774
02/11/2016,WED,3231774
01/11/2016,TUE,3191918
31/10/2016,MON,3118086
30/10/2016,SUN,1821616
29/10/2016,SAT,2361750
28/10/2016,FRI,3014061
27/10/2016,THU,2976387
26/10/2016,WED,2957606
25/10/2016,TUE,2927238
24/10/2016,MON,2849368
23/10/2016,SUN,1820727
22/10/2016,SAT,2352165
21/10/2016,FRI,3187154
20/10/2016,THU,3201548
19/10/2016,WED,3195505
18/10/2016,TUE,3184603
17/10/2016,MON,3135049
16/10/2016,SUN,1748143
15/10/2016,SAT,2368771
14/10/2016,FRI,3253486
13/10/2016,THU,3222292
12/10/2016,WED,3178214
11/10/2016,TUE,3202317
10/10/2016,MON,3153683
09/10/2016,SUN,1811273
08/10/2016,SAT,2357414
07/10/2016,FRI,3240783
06/10/2016,THU,3235362
05/10/2016,WED,3217616
04/10/2016,TUE,3189774
03/10/2016,MON,3125827
02/10/2016,SUN,1824525
01/10/2016,SAT,2296472
30/09/2016,FRI,3255259
29/09/2016,THU,3213318
28/09/2016,WED,3223519
27/09/2016,TUE,3178281
26/09/2016,MON,3108782
25/09/2016,SUN,1818866
24/09/2016,SAT,2383777
23/09/2016,FRI,3224380
22/09/2016,THU,3200094
21/09/2016,WED,3202984
20/09/2016,TUE,3157324
19/09/2016,MON,3097402
18/09/2016,SUN,1791166
17/09/2016,SAT,2289241
16/09/2016,FRI,3086378
15/09/2016,THU,3154652
14/09/2016,WED,3135867
13/09/2016,TUE,3101115
12/09/2016,MON,2987268
11/09/2016,SUN,1815845
10/09/2016,SAT,2204868
09/09/2016,FRI,3094263
08/09/2016,THU,3084863
07/09/2016,WED,3044512
06/09/2016,TUE,2965879
05/09/2016,MON,2860912
04/09/2016,SUN,1704256
03/09/2016,SAT,2164112
02/09/2016,FRI,2793808
01/09/2016,THU,2794945
31/08/2016,WED,2750962
30/08/2016,TUE,2712141
29/08/2016,MON,1822913
28/08/2016,SUN,1711353
27/08/2016,SAT,2117083
26/08/2016,FRI,2713010
25/08/2016,THU,2735387
24/08/2016,WED,2702546
23/08/2016,TUE,2735053
22/08/2016,MON,2648551
21/08/2016,SUN,1681279
20/08/2016,SAT,2071807
19/08/2016,FRI,2669595
18/08/2016,THU,2754487
17/08/2016,WED,2747696
16/08/2016,TUE,2732679
15/08/2016,MON,2689749
14/08/2016,SUN,1723591
13/08/2016,SAT,2147493
12/08/2016,FRI,2770795
11/08/2016,THU,2764748
10/08/2016,WED,2765555
09/08/2016,TUE,2766651
08/08/2016,MON,2691182
07/08/2016,SUN,1757563
06/08/2016,SAT,2204957
05/08/2016,FRI,2817469
04/08/2016,THU,2811102
03/08/2016,WED,2819192
02/08/2016,TUE,2753601
01/08/2016,MON,2726377
31/07/2016,SUN,1791631
30/07/2016,SAT,2239430
29/07/2016,FRI,2862034
28/07/2016,THU,2873307
27/07/2016,WED,2854139
26/07/2016,TUE,2868934
25/07/2016,MON,2805760
24/07/2016,SUN,1777328
23/07/2016,SAT,2259857
22/07/2016,FRI,2917833
21/07/2016,THU,2949746
20/07/2016,WED,2976032
19/07/2016,TUE,2988569
18/07/2016,MON,2976261
17/07/2016,SUN,1865033
16/07/2016,SAT,2364078
15/07/2016,FRI,3135159
14/07/2016,THU,3158065
13/07/2016,WED,3130361
12/07/2016,TUE,3091511
11/07/2016,MON,3043890
10/07/2016,SUN,1856218
09/07/2016,SAT,2386023
08/07/2016,FRI,3169809
07/07/2016,THU,3167934
06/07/2016,WED,3126222
05/07/2016,TUE,3093439
04/07/2016,MON,3098351
03/07/2016,SUN,1899418
02/07/2016,SAT,2411161
01/07/2016,FRI,3172808
30/06/2016,THU,3211438
29/06/2016,WED,3157674
28/06/2016,TUE,3172129
27/06/2016,MON,3096814
26/06/2016,SUN,1795761
25/06/2016,SAT,2303488
24/06/2016,FRI,3166542
23/06/2016,THU,3061323
22/06/2016,WED,3162746
21/06/2016,TUE,3173351
20/06/2016,MON,3041610
19/06/2016,SUN,1843341
18/06/2016,SAT,2339940
17/06/2016,FRI,3208558
16/06/2016,THU,3182906
15/06/2016,WED,3218397
14/06/2016,TUE,3139949
13/06/2016,MON,3047255
12/06/2016,SUN,1710174
11/06/2016,SAT,2316498
10/06/2016,FRI,3220647
09/06/2016,THU,3235153
08/06/2016,WED,3165252
07/06/2016,TUE,3120988
06/06/2016,MON,3064524
05/06/2016,SUN,1822271
04/06/2016,SAT,2286435
03/06/2016,FRI,2957086
02/06/2016,THU,2959335
01/06/2016,WED,2906940
31/05/2016,TUE,2744096
30/05/2016,MON,1803726
29/05/2016,SUN,1863991
28/05/2016,SAT,2345969
27/05/2016,FRI,3246840
26/05/2016,THU,3263025
25/05/2016,WED,3219622
24/05/2016,TUE,3218009
23/05/2016,MON,3156277
22/05/2016,SUN,1800437
21/05/2016,SAT,2348999
20/05/2016,FRI,3270332
19/05/2016,THU,3264322
18/05/2016,WED,3182307
17/05/2016,TUE,3236131
16/05/2016,MON,3175798
15/05/2016,SUN,1856061
14/05/2016,SAT,2375343
13/05/2016,FRI,3275608
12/05/2016,THU,3274906
11/05/2016,WED,3214118
10/05/2016,TUE,3189779
09/05/2016,MON,3160357
08/05/2016,SUN,1879906
07/05/2016,SAT,2424718
06/05/2016,FRI,3304690
05/05/2016,THU,3284250
04/05/2016,WED,3259814
03/05/2016,TUE,3211652
02/05/2016,MON,1807880
01/05/2016,SUN,1855549
30/04/2016,SAT,2389416
29/04/2016,FRI,3261937
28/04/2016,THU,3286304
27/04/2016,WED,3247181
26/04/2016,TUE,3239499
25/04/2016,MON,3186991
24/04/2016,SUN,1863871
23/04/2016,SAT,2423364
22/04/2016,FRI,3285004
21/04/2016,THU,3288167
20/04/2016,WED,3296526
19/04/2016,TUE,3265020
18/04/2016,MON,3171289
17/04/2016,SUN,1821188
16/04/2016,SAT,2358359
15/04/2016,FRI,3216677
14/04/2016,THU,3256591
13/04/2016,WED,3241073
12/04/2016,TUE,3217174
11/04/2016,MON,3063066
10/04/2016,SUN,1761644
09/04/2016,SAT,2284362
08/04/2016,FRI,2998028
07/04/2016,THU,2956922
06/04/2016,WED,2927198
05/04/2016,TUE,2959095
04/04/2016,MON,2854633
03/04/2016,SUN,1758152
02/04/2016,SAT,2305885
01/04/2016,FRI,2946045
31/03/2016,THU,2923147
30/03/2016,WED,2880332
29/03/2016,TUE,2839595
28/03/2016,MON,1659298
27/03/2016,SUN,1452592
26/03/2016,SAT,2023245
25/03/2016,FRI,2103735
24/03/2016,THU,3183783
23/03/2016,WED,3214896
22/03/2016,TUE,3248253
21/03/2016,MON,3190605
20/03/2016,SUN,1782589
19/03/2016,SAT,2374391
18/03/2016,FRI,3296343
17/03/2016,THU,3326932
16/03/2016,WED,3277829
15/03/2016,TUE,3261803
14/03/2016,MON,3217247
13/03/2016,SUN,1853944
12/03/2016,SAT,2415495
11/03/2016,FRI,3340784
10/03/2016,THU,3298876
09/03/2016,WED,3242429
08/03/2016,TUE,3279265
07/03/2016,MON,3203375
06/03/2016,SUN,1790565
05/03/2016,SAT,2356932
04/03/2016,FRI,3353329
03/03/2016,THU,3342062
02/03/2016,WED,3276811
01/03/2016,TUE,3234438
29/02/2016,MON,3226566
28/02/2016,SUN,1800613
27/02/2016,SAT,2407862
26/02/2016,FRI,3345057
25/02/2016,THU,3317883
24/02/2016,WED,3303555
23/02/2016,TUE,3294500
22/02/2016,MON,3156394
21/02/2016,SUN,1748959
20/02/2016,SAT,2274488
19/02/2016,FRI,3047362
18/02/2016,THU,3032838
17/02/2016,WED,3000138
16/02/2016,TUE,3033776
15/02/2016,MON,2946604
14/02/2016,SUN,1889301
13/02/2016,SAT,2306744
12/02/2016,FRI,3304682
11/02/2016,THU,3332520
10/02/2016,WED,3298268
09/02/2016,TUE,3306645
08/02/2016,MON,3165937
07/02/2016,SUN,1808969
06/02/2016,SAT,2332471
05/02/2016,FRI,3338794
04/02/2016,THU,3327657
03/02/2016,WED,3295475
02/02/2016,TUE,3317751
01/02/2016,MON,3215046
31/01/2016,SUN,1734565
30/01/2016,SAT,2428749
29/01/2016,FRI,3332406
28/01/2016,THU,3347943
27/01/2016,WED,3238725
26/01/2016,TUE,3255921
25/01/2016,MON,3227914
24/01/2016,SUN,1773982
23/01/2016,SAT,2395618
22/01/2016,FRI,3287147
21/01/2016,THU,3298210
20/01/2016,WED,3283557
19/01/2016,TUE,3275836
18/01/2016,MON,3200913
17/01/2016,SUN,1694987
16/01/2016,SAT,2378394
15/01/2016,FRI,3312907
14/01/2016,THU,3252051
13/01/2016,WED,3268075
12/01/2016,TUE,3228439
11/01/2016,MON,3155778
10/01/2016,SUN,1693695
09/01/2016,SAT,2222195
08/01/2016,FRI,3171574
07/01/2016,THU,3081504
06/01/2016,WED,3071764
05/01/2016,TUE,3016584
04/01/2016,MON,2826324
03/01/2016,SUN,1456756
02/01/2016,SAT,1932162
01/01/2016,FRI,1368325
31/12/2015,THU,2392402
30/12/2015,WED,2266804
29/12/2015,TUE,2292235
28/12/2015,MON,1833773
27/12/2015,SUN,1504050
26/12/2015,SAT,1394672
25/12/2015,FRI,750
24/12/2015,THU,2125627
23/12/2015,WED,2724717
22/12/2015,TUE,2800053
21/12/2015,MON,2837807
20/12/2015,SUN,1881258
19/12/2015,SAT,2482669
18/12/2015,FRI,3374128
17/12/2015,THU,3389663
16/12/2015,WED,3391440
15/12/2015,TUE,3369317
14/12/2015,MON,3320752
13/12/2015,SUN,1912268
12/12/2015,SAT,2559779
11/12/2015,FRI,3486579
10/12/2015,THU,3474721
09/12/2015,WED,3474043
08/12/2015,TUE,3438756
07/12/2015,MON,3370306
06/12/2015,SUN,1930698
05/12/2015,SAT,2561343
04/12/2015,FRI,3525018
03/12/2015,THU,3487422
02/12/2015,WED,3453515
01/12/2015,TUE,3437119
30/11/2015,MON,3335790
29/11/2015,SUN,1897455
28/11/2015,SAT,2583304
27/11/2015,FRI,3521975
26/11/2015,THU,3471762
25/11/2015,WED,3423086
24/11/2015,TUE,3393729
23/11/2015,MON,3336388
22/11/2015,SUN,1881336
21/11/2015,SAT,2445521
20/11/2015,FRI,3496347
19/11/2015,THU,3437074
18/11/2015,WED,3424167
17/11/2015,TUE,3386038
16/11/2015,MON,3344786
15/11/2015,SUN,1888163
14/11/2015,SAT,2370003
13/11/2015,FRI,3472984
12/11/2015,THU,3457755
11/11/2015,WED,3424237
10/11/2015,TUE,3415994
09/11/2015,MON,3357168
08/11/2015,SUN,1932222
07/11/2015,SAT,2461917
06/11/2015,FRI,3466638
05/11/2015,THU,3451679
04/11/2015,WED,3435151
03/11/2015,TUE,3411061
02/11/2015,MON,3318874
01/11/2015,SUN,1920837
31/10/2015,SAT,2613291
30/10/2015,FRI,3254849
29/10/2015,THU,3219831
28/10/2015,WED,3193857
27/10/2015,TUE,3205497
26/10/2015,MON,3147229
25/10/2015,SUN,2038797
24/10/2015,SAT,2521818
23/10/2015,FRI,3448563
22/10/2015,THU,3455124
21/10/2015,WED,3377935
20/10/2015,TUE,3456438
19/10/2015,MON,3356095
18/10/2015,SUN,1947103
17/10/2015,SAT,2574728
16/10/2015,FRI,3502265
15/10/2015,THU,3488131
14/10/2015,WED,3471171
13/10/2015,TUE,3455372
12/10/2015,MON,3394939
11/10/2015,SUN,1983995
10/10/2015,SAT,2585146
09/10/2015,FRI,3540873
08/10/2015,THU,3505053
07/10/2015,WED,3439534
06/10/2015,TUE,3407433
05/10/2015,MON,3318032
04/10/2015,SUN,2019790
03/10/2015,SAT,2574676
02/10/2015,FRI,3487720
01/10/2015,THU,3469095
30/09/2015,WED,3467765
29/09/2015,TUE,3449141
28/09/2015,MON,3361516
27/09/2015,SUN,2005152
26/09/2015,SAT,2621643
25/09/2015,FRI,3493707
24/09/2015,THU,3402286
23/09/2015,WED,3426921
22/09/2015,TUE,3375556
21/09/2015,MON,3315036
20/09/2015,SUN,1981741
19/09/2015,SAT,2565830
18/09/2015,FRI,3419367
17/09/2015,THU,3436587
16/09/2015,WED,3311918
15/09/2015,TUE,3325281
14/09/2015,MON,3233753
13/09/2015,SUN,1885418
12/09/2015,SAT,2475613
11/09/2015,FRI,3360220
10/09/2015,THU,3352009
09/09/2015,WED,3317009
08/09/2015,TUE,3295492
07/09/2015,MON,3212001
06/09/2015,SUN,1863566
05/09/2015,SAT,2340443
04/09/2015,FRI,3210809
03/09/2015,THU,3162839
02/09/2015,WED,3082596
01/09/2015,TUE,3002316
31/08/2015,MON,1748054
30/08/2015,SUN,1880140
29/08/2015,SAT,2303813
28/08/2015,FRI,2958126
27/08/2015,THU,2934544
26/08/2015,WED,2768566
25/08/2015,TUE,2863112
24/08/2015,MON,2766054
23/08/2015,SUN,1708398
22/08/2015,SAT,2315053
21/08/2015,FRI,2968228
20/08/2015,THU,2967136
19/08/2015,WED,2948005
18/08/2015,TUE,2911461
17/08/2015,MON,2873245
16/08/2015,SUN,1800921
15/08/2015,SAT,2350319
14/08/2015,FRI,2937344
13/08/2015,THU,2871044
12/08/2015,WED,2969769
11/08/2015,TUE,2956371
10/08/2015,MON,2866709
09/08/2015,SUN,1883131
08/08/2015,SAT,2346142
07/08/2015,FRI,3010890
06/08/2015,THU,2357905
05/08/2015,WED,2893659
04/08/2015,TUE,3002755
03/08/2015,MON,2913628
02/08/2015,SUN,1954267
01/08/2015,SAT,2395969
31/07/2015,FRI,3070508
30/07/2015,THU,3055790
29/07/2015,WED,3054184
28/07/2015,TUE,3053477
27/07/2015,MON,2974429
26/07/2015,SUN,1715588
25/07/2015,SAT,2454132
24/07/2015,FRI,2963325
23/07/2015,THU,3132195
22/07/2015,WED,3127889
21/07/2015,TUE,3156891
20/07/2015,MON,3063834
19/07/2015,SUN,1970112
18/07/2015,SAT,2477280
17/07/2015,FRI,3263605
16/07/2015,THU,3322164
15/07/2015,WED,3310178
14/07/2015,TUE,3291473
13/07/2015,MON,3220660
12/07/2015,SUN,1909712
11/07/2015,SAT,2528310
10/07/2015,FRI,3359284
09/07/2015,THU,2674666
08/07/2015,WED,3222699
07/07/2015,TUE,3332435
06/07/2015,MON,3286759
05/07/2015,SUN,1935356
04/07/2015,SAT,2563922
03/07/2015,FRI,3417864
02/07/2015,THU,3375892
01/07/2015,WED,3332053
30/06/2015,TUE,3376979
29/06/2015,MON,3308320
28/06/2015,SUN,1931460
27/06/2015,SAT,2599350
26/06/2015,FRI,3413123
25/06/2015,THU,3408958
24/06/2015,WED,3395556
23/06/2015,TUE,3373527
22/06/2015,MON,3285537
21/06/2015,SUN,1956735
20/06/2015,SAT,2503640
19/06/2015,FRI,3432468
18/06/2015,THU,3426048
17/06/2015,WED,3418476
16/06/2015,TUE,3401718
15/06/2015,MON,3323176
14/06/2015,SUN,1896261
13/06/2015,SAT,2483535
12/06/2015,FRI,3435411
11/06/2015,THU,3431379
10/06/2015,WED,3411847
09/06/2015,TUE,3385035
08/06/2015,MON,3313439
07/06/2015,SUN,1952951
06/06/2015,SAT,2558262
05/06/2015,FRI,3439939
04/06/2015,THU,3448444
03/06/2015,WED,3403139
02/06/2015,TUE,3334658
01/06/2015,MON,3286187
31/05/2015,SUN,1794197
30/05/2015,SAT,2523287
29/05/2015,FRI,3124793
28/05/2015,THU,3194248
27/05/2015,WED,3182725
26/05/2015,TUE,3109925
25/05/2015,MON,1970812
24/05/2015,SUN,1995916
23/05/2015,SAT,2457411
22/05/2015,FRI,3468244
21/05/2015,THU,3473269
20/05/2015,WED,3449487
19/05/2015,TUE,3399260
18/05/2015,MON,3322241
17/05/2015,SUN,1959615
16/05/2015,SAT,2585774
15/05/2015,FRI,3535565
14/05/2015,THU,3402443
13/05/2015,WED,3458099
12/05/2015,TUE,3419664
11/05/2015,MON,3365992
10/05/2015,SUN,1935880
09/05/2015,SAT,2501397
08/05/2015,FRI,3456872
07/05/2015,THU,3458805
06/05/2015,WED,3406033
05/05/2015,TUE,3394203
04/05/2015,MON,1998463
03/05/2015,SUN,1928947
02/05/2015,SAT,2522681
01/05/2015,FRI,3512785
30/04/2015,THU,3517381
29/04/2015,WED,3425565
28/04/2015,TUE,3462304
27/04/2015,MON,3388564
26/04/2015,SUN,1962644
25/04/2015,SAT,2564890
24/04/2015,FRI,3516902
23/04/2015,THU,3475674
22/04/2015,WED,3432638
21/04/2015,TUE,3409744
20/04/2015,MON,3330715
19/04/2015,SUN,1839432
18/04/2015,SAT,2547403
17/04/2015,FRI,3399732
16/04/2015,THU,3369409
15/04/2015,WED,3353652
14/04/2015,TUE,3323339
13/04/2015,MON,3166091
12/04/2015,SUN,1841689
11/04/2015,SAT,2408564
10/04/2015,FRI,3129964
09/04/2015,THU,3096090
08/04/2015,WED,3055081
07/04/2015,TUE,3023722
06/04/2015,MON,1895689
05/04/2015,SUN,1589538
04/04/2015,SAT,2217575
03/04/2015,FRI,2107136
02/04/2015,THU,3216208
01/04/2015,WED,3230348
31/03/2015,TUE,3216531
30/03/2015,MON,3167325
29/03/2015,SUN,1804089
28/03/2015,SAT,2528360
27/03/2015,FRI,3540328
26/03/2015,THU,3461114
25/03/2015,WED,3471855
24/03/2015,TUE,3445291
23/03/2015,MON,3394709
22/03/2015,SUN,1923858
21/03/2015,SAT,2534979
20/03/2015,FRI,3524931
19/03/2015,THU,3468993
18/03/2015,WED,3480774
17/03/2015,TUE,3474290
16/03/2015,MON,3374790
15/03/2015,SUN,1870673
14/03/2015,SAT,2593341
13/03/2015,FRI,3540070
12/03/2015,THU,3509199
11/03/2015,WED,3490887
10/03/2015,TUE,3477814
09/03/2015,MON,3370373
08/03/2015,SUN,1893088
07/03/2015,SAT,2588972
06/03/2015,FRI,3535897
05/03/2015,THU,3496493
04/03/2015,WED,3487815
03/03/2015,TUE,3467409
02/03/2015,MON,3389396
01/03/2015,SUN,1971826
28/02/2015,SAT,2514182
27/02/2015,FRI,3583239
26/02/2015,THU,3460171
25/02/2015,WED,3497623
24/02/2015,TUE,3454279
23/02/2015,MON,3344260
22/02/2015,SUN,1821471
21/02/2015,SAT,2475702
20/02/2015,FRI,3242278
19/02/2015,THU,3187140
18/02/2015,WED,3252832
17/02/2015,TUE,3249217
16/02/2015,MON,3108064
15/02/2015,SUN,1911947
14/02/2015,SAT,2512641
13/02/2015,FRI,3445944
12/02/2015,THU,3476915
11/02/2015,WED,3459565
10/02/2015,TUE,3462992
09/02/2015,MON,3391846
08/02/2015,SUN,1890732
07/02/2015,SAT,2487387
06/02/2015,FRI,3535315
05/02/2015,THU,2965946
04/02/2015,WED,3466753
03/02/2015,TUE,3417383
02/02/2015,MON,3395050
01/02/2015,SUN,1851111
31/01/2015,SAT,2470402
30/01/2015,FRI,3553597
29/01/2015,THU,3492927
28/01/2015,WED,3445216
27/01/2015,TUE,3485914
26/01/2015,MON,3397480
25/01/2015,SUN,1847615
24/01/2015,SAT,2557060
23/01/2015,FRI,3551728
22/01/2015,THU,3503299
21/01/2015,WED,3438008
20/01/2015,TUE,3465570
19/01/2015,MON,3403702
18/01/2015,SUN,1823353
17/01/2015,SAT,2483866
16/01/2015,FRI,3517869
15/01/2015,THU,3476355
14/01/2015,WED,3478945
13/01/2015,TUE,2738163
12/01/2015,MON,3365788
11/01/2015,SUN,1803404
10/01/2015,SAT,2356052
09/01/2015,FRI,3399101
08/01/2015,THU,3296477
07/01/2015,WED,3281564
06/01/2015,TUE,3210745
05/01/2015,MON,3059416
04/01/2015,SUN,1669883
03/01/2015,SAT,2008345
02/01/2015,FRI,2454109
01/01/2015,THU,1421719
31/12/2014,WED,2534827
30/12/2014,TUE,2413842
29/12/2014,MON,2353884
28/12/2014,SUN,1633954
27/12/2014,SAT,1841398
26/12/2014,FRI,1405195
25/12/2014,THU,668
24/12/2014,WED,2300271
23/12/2014,TUE,2825309
22/12/2014,MON,2910378
21/12/2014,SUN,1910524
20/12/2014,SAT,2554179
19/12/2014,FRI,3515866
18/12/2014,THU,3507409
17/12/2014,WED,3522343
16/12/2014,TUE,3535419
15/12/2014,MON,3475712
14/12/2014,SUN,2028795
13/12/2014,SAT,2770662
12/12/2014,FRI,3668045
11/12/2014,THU,3648931
10/12/2014,WED,3631930
09/12/2014,TUE,3596053
08/12/2014,MON,3544458
07/12/2014,SUN,2017796
06/12/2014,SAT,2755341
05/12/2014,FRI,3709773
04/12/2014,THU,3632251
03/12/2014,WED,3644919
02/12/2014,TUE,3585847
01/12/2014,MON,3521298
30/11/2014,SUN,2079125
29/11/2014,SAT,2799089
28/11/2014,FRI,3733516
27/11/2014,THU,3664868
26/11/2014,WED,3614464
25/11/2014,TUE,3582242
24/11/2014,MON,3543421
23/11/2014,SUN,1821505
22/11/2014,SAT,2698151
21/11/2014,FRI,3684310
20/11/2014,THU,3666617
19/11/2014,WED,3623950
18/11/2014,TUE,3608141
17/11/2014,MON,3521375
16/11/2014,SUN,2000747
15/11/2014,SAT,2703334
14/11/2014,FRI,3683189
13/11/2014,THU,3661829
12/11/2014,WED,3643525
11/11/2014,TUE,3642736
10/11/2014,MON,3588543
09/11/2014,SUN,2111421
08/11/2014,SAT,2693220
07/11/2014,FRI,3689474
06/11/2014,THU,3660305
05/11/2014,WED,3636267
04/11/2014,TUE,3637168
03/11/2014,MON,3456003
02/11/2014,SUN,1887335
01/11/2014,SAT,2686429
31/10/2014,FRI,3500556
30/10/2014,THU,3414574
29/10/2014,WED,3322016
28/10/2014,TUE,3394807
27/10/2014,MON,3317029
26/10/2014,SUN,2066333
25/10/2014,SAT,2675115
24/10/2014,FRI,3598818
23/10/2014,THU,3615601
22/10/2014,WED,3616649
21/10/2014,TUE,3569264
20/10/2014,MON,3524195
19/10/2014,SUN,2032380
18/10/2014,SAT,2685481
17/10/2014,FRI,3701870
16/10/2014,THU,3664750
15/10/2014,WED,3630966
14/10/2014,TUE,3623884
13/10/2014,MON,3502108
12/10/2014,SUN,2016934
11/10/2014,SAT,2677003
10/10/2014,FRI,3698718
09/10/2014,THU,3647704
08/10/2014,WED,3611505
07/10/2014,TUE,3633102
06/10/2014,MON,3467207
05/10/2014,SUN,2082801
04/10/2014,SAT,2551429
03/10/2014,FRI,3676544
02/10/2014,THU,3660162
01/10/2014,WED,3648170
30/09/2014,TUE,3636105
29/09/2014,MON,3525862
28/09/2014,SUN,2083138
27/09/2014,SAT,2736721
26/09/2014,FRI,3665106
25/09/2014,THU,3623037
24/09/2014,WED,3630023
23/09/2014,TUE,3607209
22/09/2014,MON,3520247
21/09/2014,SUN,2037664
20/09/2014,SAT,2618547
19/09/2014,FRI,3629910
18/09/2014,THU,3616844
17/09/2014,WED,3591354
16/09/2014,TUE,3579854
15/09/2014,MON,3504049
14/09/2014,SUN,2021595
13/09/2014,SAT,2640465
12/09/2014,FRI,3610166
11/09/2014,THU,3553113
10/09/2014,WED,3540567
09/09/2014,TUE,3511814
08/09/2014,MON,3436598
07/09/2014,SUN,1960555
06/09/2014,SAT,2539939
05/09/2014,FRI,3487609
04/09/2014,THU,3427948
03/09/2014,WED,3373134
02/09/2014,TUE,3278914
01/09/2014,MON,3116257
31/08/2014,SUN,1935804
30/08/2014,SAT,2458779
29/08/2014,FRI,3205163
28/08/2014,THU,3167007
27/08/2014,WED,3160883
26/08/2014,TUE,3028044
25/08/2014,MON,1732823
24/08/2014,SUN,2001985
23/08/2014,SAT,2395434
22/08/2014,FRI,3107234
21/08/2014,THU,3145564
20/08/2014,WED,3137031
19/08/2014,TUE,3106200
18/08/2014,MON,3023751
17/08/2014,SUN,1862337
16/08/2014,SAT,2470886
15/08/2014,FRI,3172353
14/08/2014,THU,3134801
13/08/2014,WED,3161986
12/08/2014,TUE,3137161
11/08/2014,MON,3038019
10/08/2014,SUN,1785141
09/08/2014,SAT,2492039
08/08/2014,FRI,3144649
07/08/2014,THU,3185044
06/08/2014,WED,3171598
05/08/2014,TUE,3144138
04/08/2014,MON,3077972
03/08/2014,SUN,2003639
02/08/2014,SAT,2470714
01/08/2014,FRI,3217342
31/07/2014,THU,3215040
30/07/2014,WED,3193980
29/07/2014,TUE,3166628
28/07/2014,MON,3063236
27/07/2014,SUN,1961100
26/07/2014,SAT,2504720
25/07/2014,FRI,3203861
24/07/2014,THU,3254926
23/07/2014,WED,3287895
22/07/2014,TUE,3304091
21/07/2014,MON,3235068
20/07/2014,SUN,1996159
19/07/2014,SAT,2501993
18/07/2014,FRI,3429740
17/07/2014,THU,3449265
16/07/2014,WED,3460537
15/07/2014,TUE,3440533
14/07/2014,MON,3373927
13/07/2014,SUN,2021391
12/07/2014,SAT,2631888
11/07/2014,FRI,3520896
10/07/2014,THU,3379649
09/07/2014,WED,3497981
08/07/2014,TUE,3472575
07/07/2014,MON,3396591
06/07/2014,SUN,2023795
05/07/2014,SAT,2551815
04/07/2014,FRI,3537462
03/07/2014,THU,3544313
02/07/2014,WED,3512297
01/07/2014,TUE,3486408
30/06/2014,MON,3391837
29/06/2014,SUN,1984051
28/06/2014,SAT,2544062
27/06/2014,FRI,3534427
26/06/2014,THU,3538014
25/06/2014,WED,3520861
24/06/2014,TUE,3494332
23/06/2014,MON,3402190
22/06/2014,SUN,2027704
21/06/2014,SAT,2643127
20/06/2014,FRI,3537185
19/06/2014,THU,3528490
18/06/2014,WED,3511061
17/06/2014,TUE,3476473
16/06/2014,MON,3390144
15/06/2014,SUN,1931906
14/06/2014,SAT,2564815
13/06/2014,FRI,3550478
12/06/2014,THU,3545526
11/06/2014,WED,3514470
10/06/2014,TUE,3511258
09/06/2014,MON,3418500
08/06/2014,SUN,2035629
07/06/2014,SAT,2530999
06/06/2014,FRI,3586817
05/06/2014,THU,3502734
04/06/2014,WED,3457179
03/06/2014,TUE,3457361
02/06/2014,MON,3370395
01/06/2014,SUN,1965044
31/05/2014,SAT,2594314
30/05/2014,FRI,3335813
29/05/2014,THU,3278778
28/05/2014,WED,3238093
27/05/2014,TUE,3140997
26/05/2014,MON,1878850
25/05/2014,SUN,2018210
24/05/2014,SAT,2445979
23/05/2014,FRI,3542281
22/05/2014,THU,3515588
21/05/2014,WED,3510662
20/05/2014,TUE,3488231
19/05/2014,MON,3414981
18/05/2014,SUN,1997966
17/05/2014,SAT,2592735
16/05/2014,FRI,3575953
15/05/2014,THU,3537505
14/05/2014,WED,3516131
13/05/2014,TUE,3480854
12/05/2014,MON,3440117
11/05/2014,SUN,1865608
10/05/2014,SAT,2512160
09/05/2014,FRI,3585794
08/05/2014,THU,3496242
07/05/2014,WED,3479301
06/05/2014,TUE,3444126
05/05/2014,MON,1982267
04/05/2014,SUN,2014243
03/05/2014,SAT,2565192
02/05/2014,FRI,3581393
01/05/2014,THU,3542049
30/04/2014,WED,3248504
29/04/2014,TUE,3151450
28/04/2014,MON,3417682
27/04/2014,SUN,1869246
26/04/2014,SAT,2547151
25/04/2014,FRI,3459222
24/04/2014,THU,3433080
23/04/2014,WED,3380352
22/04/2014,TUE,3210869
21/04/2014,MON,1879067
20/04/2014,SUN,1462600
19/04/2014,SAT,2268331
18/04/2014,FRI,2203681
17/04/2014,THU,3222955
16/04/2014,WED,3212755
15/04/2014,TUE,3199427
14/04/2014,MON,3110278
13/04/2014,SUN,2058300
12/04/2014,SAT,2555677
11/04/2014,FRI,3296718
10/04/2014,THU,3286178
09/04/2014,WED,3280753
08/04/2014,TUE,3277139
07/04/2014,MON,3156897
06/04/2014,SUN,1869676
05/04/2014,SAT,2540901
04/04/2014,FRI,3525578
03/04/2014,THU,3488879
02/04/2014,WED,3482602
01/04/2014,TUE,3475574
31/03/2014,MON,3371465
30/03/2014,SUN,1943491
29/03/2014,SAT,2666860
28/03/2014,FRI,3601327
27/03/2014,THU,3550582
26/03/2014,WED,3436294
25/03/2014,TUE,3501133
24/03/2014,MON,3436100
23/03/2014,SUN,1916765
22/03/2014,SAT,2595318
21/03/2014,FRI,3584339
20/03/2014,THU,3551271
19/03/2014,WED,3517845
18/03/2014,TUE,3493111
17/03/2014,MON,3433978
16/03/2014,SUN,2037678
15/03/2014,SAT,2626201
14/03/2014,FRI,3589581
13/03/2014,THU,3554628
12/03/2014,WED,3527922
11/03/2014,TUE,3488384
10/03/2014,MON,3429137
09/03/2014,SUN,2034148
08/03/2014,SAT,2627738
07/03/2014,FRI,3588110
06/03/2014,THU,3565984
05/03/2014,WED,3563404
04/03/2014,TUE,3523774
03/03/2014,MON,3421617
02/03/2014,SUN,1909173
01/03/2014,SAT,2606557
28/02/2014,FRI,3585352
27/02/2014,THU,3549711
26/02/2014,WED,3526720
25/02/2014,TUE,3463963
24/02/2014,MON,3381662
23/02/2014,SUN,1800712
22/02/2014,SAT,2564825
21/02/2014,FRI,3313686
20/02/2014,THU,3214799
19/02/2014,WED,3253756
18/02/2014,TUE,3187934
17/02/2014,MON,3132983
16/02/2014,SUN,1961713
15/02/2014,SAT,2410678
14/02/2014,FRI,3427688
13/02/2014,THU,3497047
12/02/2014,WED,3367977
11/02/2014,TUE,3432018
10/02/2014,MON,3422439
09/02/2014,SUN,1828504
08/02/2014,SAT,2470631
07/02/2014,FRI,3565806
06/02/2014,THU,3083379
05/02/2014,WED,3031067
04/02/2014,TUE,3467065
03/02/2014,MON,3426269
02/02/2014,SUN,1958451
01/02/2014,SAT,2560210
31/01/2014,FRI,3555050
30/01/2014,THU,3508957
29/01/2014,WED,3449356
28/01/2014,TUE,3490099
27/01/2014,MON,3413160
26/01/2014,SUN,1745090
25/01/2014,SAT,2517765
24/01/2014,FRI,3576107
23/01/2014,THU,3497923
22/01/2014,WED,3494354
21/01/2014,TUE,3478422
20/01/2014,MON,3410556
19/01/2014,SUN,1863809
18/01/2014,SAT,2514801
17/01/2014,FRI,3529141
16/01/2014,THU,3496373
15/01/2014,WED,3440405
14/01/2014,TUE,3455034
13/01/2014,MON,3378510
12/01/2014,SUN,1730731
11/01/2014,SAT,2447490
10/01/2014,FRI,3442280
09/01/2014,THU,3372498
08/01/2014,WED,3342026
07/01/2014,TUE,3250752
06/01/2014,MON,3143022
05/01/2014,SUN,1646486
04/01/2014,SAT,2106589
03/01/2014,FRI,2662258
02/01/2014,THU,2661181
01/01/2014,WED,1347643
31/12/2013,TUE,2565116
30/12/2013,MON,2292961
29/12/2013,SUN,1698462
28/12/2013,SAT,2060882
27/12/2013,FRI,2063822
26/12/2013,THU,1396391
25/12/2013,WED,660
24/12/2013,TUE,2211988
23/12/2013,MON,2621379
22/12/2013,SUN,1932875
21/12/2013,SAT,2378722
20/12/2013,FRI,3483052
19/12/2013,THU,3522193
18/12/2013,WED,3524002
17/12/2013,TUE,3526151
16/12/2013,MON,3433936
15/12/2013,SUN,1967649
14/12/2013,SAT,2730908
13/12/2013,FRI,3671460
12/12/2013,THU,3642555
11/12/2013,WED,3605283
10/12/2013,TUE,3581096
09/12/2013,MON,3511770
08/12/2013,SUN,2052343
07/12/2013,SAT,2693501
06/12/2013,FRI,3675614
05/12/2013,THU,3596478
04/12/2013,WED,3610813
03/12/2013,TUE,3552188
02/12/2013,MON,3494927
01/12/2013,SUN,2010076
30/11/2013,SAT,2709769
29/11/2013,FRI,3659957
28/11/2013,THU,3612184
27/11/2013,WED,3562922
26/11/2013,TUE,3578329
25/11/2013,MON,3469981
24/11/2013,SUN,1920109
23/11/2013,SAT,2660506
22/11/2013,FRI,3633931
21/11/2013,THU,3587343
20/11/2013,WED,3504643
19/11/2013,TUE,3563701
18/11/2013,MON,3447558
17/11/2013,SUN,1902030
16/11/2013,SAT,2607373
15/11/2013,FRI,3640727
14/11/2013,THU,3582722
13/11/2013,WED,3570323
12/11/2013,TUE,3556115
11/11/2013,MON,3444983
10/11/2013,SUN,1980546
09/11/2013,SAT,2552520
08/11/2013,FRI,3588686
07/11/2013,THU,3597001
06/11/2013,WED,3533314
05/11/2013,TUE,3510596
04/11/2013,MON,3422315
03/11/2013,SUN,1911618
02/11/2013,SAT,2604341
01/11/2013,FRI,3343844
31/10/2013,THU,3327794
30/10/2013,WED,3328854
29/10/2013,TUE,3318816
28/10/2013,MON,2840671
27/10/2013,SUN,1970009
26/10/2013,SAT,2555569
25/10/2013,FRI,3549083
24/10/2013,THU,3554658
23/10/2013,WED,3518447
22/10/2013,TUE,3505875
21/10/2013,MON,3424923
20/10/2013,SUN,1865590
19/10/2013,SAT,2565841
18/10/2013,FRI,3611855
17/10/2013,THU,3485914
16/10/2013,WED,3482826
15/10/2013,TUE,3488167
14/10/2013,MON,3454329
13/10/2013,SUN,1753128
12/10/2013,SAT,2595946
11/10/2013,FRI,3552727
10/10/2013,THU,3548123
09/10/2013,WED,3520488
08/10/2013,TUE,3506989
07/10/2013,MON,3419110
06/10/2013,SUN,1959786
05/10/2013,SAT,2550780
04/10/2013,FRI,3547970
03/10/2013,THU,3502414
02/10/2013,WED,3476713
01/10/2013,TUE,3487213
30/09/2013,MON,3435691
29/09/2013,SUN,1966687
28/09/2013,SAT,2594634
27/09/2013,FRI,3578366
26/09/2013,THU,3525878
25/09/2013,WED,3496745
24/09/2013,TUE,3477404
23/09/2013,MON,3379221
22/09/2013,SUN,1927274
21/09/2013,SAT,2534795
20/09/2013,FRI,3511396
19/09/2013,THU,3451217
18/09/2013,WED,3478669
17/09/2013,TUE,3414468
16/09/2013,MON,3364237
15/09/2013,SUN,1862821
14/09/2013,SAT,2446216
13/09/2013,FRI,3419904
12/09/2013,THU,3432220
11/09/2013,WED,3390421
10/09/2013,TUE,3374830
09/09/2013,MON,3239175
08/09/2013,SUN,1835261
07/09/2013,SAT,2420490
06/09/2013,FRI,3282008
05/09/2013,THU,3265803
04/09/2013,WED,3228540
03/09/2013,TUE,3132343
02/09/2013,MON,3034531
01/09/2013,SUN,1829782
31/08/2013,SAT,2366606
30/08/2013,FRI,3079563
29/08/2013,THU,3034753
28/08/2013,WED,3016633
27/08/2013,TUE,2971352
26/08/2013,MON,1991648
25/08/2013,SUN,1870512
24/08/2013,SAT,2107150
23/08/2013,FRI,3007260
22/08/2013,THU,2970831
21/08/2013,WED,3003381
20/08/2013,TUE,2976229
19/08/2013,MON,2899204
18/08/2013,SUN,1813601
17/08/2013,SAT,2300376
16/08/2013,FRI,3003689
15/08/2013,THU,3023950
14/08/2013,WED,3028920
13/08/2013,TUE,2980281
12/08/2013,MON,2901334
11/08/2013,SUN,1834297
10/08/2013,SAT,2314753
09/08/2013,FRI,3001392
08/08/2013,THU,3004860
07/08/2013,WED,3024430
06/08/2013,TUE,3021203
05/08/2013,MON,2912867
04/08/2013,SUN,1852130
03/08/2013,SAT,2368700
02/08/2013,FRI,3036794
01/08/2013,THU,3050204
31/07/2013,WED,3070657
30/07/2013,TUE,2957874
29/07/2013,MON,2956147
28/07/2013,SUN,1875548
27/07/2013,SAT,2338744
26/07/2013,FRI,3150725
25/07/2013,THU,3120166
24/07/2013,WED,3151882
23/07/2013,TUE,3106250
22/07/2013,MON,3065740
21/07/2013,SUN,1902888
20/07/2013,SAT,2407252
19/07/2013,FRI,3304037
18/07/2013,THU,3280564
17/07/2013,WED,3264511
16/07/2013,TUE,3255713
15/07/2013,MON,3203112
14/07/2013,SUN,1976017
13/07/2013,SAT,2489607
12/07/2013,FRI,3386383
11/07/2013,THU,3362631
10/07/2013,WED,3334975
09/07/2013,TUE,3340169
08/07/2013,MON,3263928
07/07/2013,SUN,1986703
06/07/2013,SAT,2575365
05/07/2013,FRI,3455198
04/07/2013,THU,3428859
03/07/2013,WED,3401773
02/07/2013,TUE,3372735
01/07/2013,MON,3284719
30/06/2013,SUN,2008468
29/06/2013,SAT,2587850
28/06/2013,FRI,3391654
27/06/2013,THU,3408648
26/06/2013,WED,3397614
25/06/2013,TUE,3396994
24/06/2013,MON,3295768
23/06/2013,SUN,1878313
22/06/2013,SAT,2479780
21/06/2013,FRI,3421756
20/06/2013,THU,3388458
19/06/2013,WED,3398700
18/06/2013,TUE,3363721
17/06/2013,MON,3297369
16/06/2013,SUN,1901313
15/06/2013,SAT,2469597
14/06/2013,FRI,3458177
13/06/2013,THU,3413710
12/06/2013,WED,3380859
11/06/2013,TUE,3368310
10/06/2013,MON,3274598
09/06/2013,SUN,1844796
08/06/2013,SAT,2501156
07/06/2013,FRI,3427785
06/06/2013,THU,3400311
05/06/2013,WED,3372377
04/06/2013,TUE,3357608
03/06/2013,MON,3254413
02/06/2013,SUN,1873087
01/06/2013,SAT,2436377
31/05/2013,FRI,3214345
30/05/2013,THU,3118744
29/05/2013,WED,3111370
28/05/2013,TUE,2979190
27/05/2013,MON,1974872
26/05/2013,SUN,1935797
25/05/2013,SAT,2469647
24/05/2013,FRI,3356187
23/05/2013,THU,3400312
22/05/2013,WED,3388153
21/05/2013,TUE,3373995
20/05/2013,MON,3299667
19/05/2013,SUN,1892409
18/05/2013,SAT,2482506
17/05/2013,FRI,3456046
16/05/2013,THU,3413454
15/05/2013,WED,3371595
14/05/2013,TUE,3398911
13/05/2013,MON,3331954
12/05/2013,SUN,1863145
11/05/2013,SAT,2439124
10/05/2013,FRI,3477044
09/05/2013,THU,3440060
08/05/2013,WED,3410700
07/05/2013,TUE,3366416
06/05/2013,MON,1960159
05/05/2013,SUN,1918200
04/05/2013,SAT,2438166
03/05/2013,FRI,3477739
02/05/2013,THU,3477984
01/05/2013,WED,3461015
30/04/2013,TUE,3440732
29/04/2013,MON,3345635
28/04/2013,SUN,1924929
27/04/2013,SAT,2518766
26/04/2013,FRI,3494017
25/04/2013,THU,3472016
24/04/2013,WED,3428919
23/04/2013,TUE,3412927
22/04/2013,MON,3307109
21/04/2013,SUN,1910198
20/04/2013,SAT,2540401
19/04/2013,FRI,3449903
18/04/2013,THU,3399561
17/04/2013,WED,3354246
16/04/2013,TUE,3364182
15/04/2013,MON,3220729
14/04/2013,SUN,1873831
13/04/2013,SAT,2373610
12/04/2013,FRI,3104746
11/04/2013,THU,3076616
10/04/2013,WED,3106694
09/04/2013,TUE,3024211
08/04/2013,MON,2983014
07/04/2013,SUN,1795609
06/04/2013,SAT,2347883
05/04/2013,FRI,3020224
04/04/2013,THU,2910048
03/04/2013,WED,2946688
02/04/2013,TUE,2938829
01/04/2013,MON,1721873
31/03/2013,SUN,1487954
30/03/2013,SAT,2178852
29/03/2013,FRI,2104133
28/03/2013,THU,3357762
27/03/2013,WED,3330102
26/03/2013,TUE,3296693
25/03/2013,MON,3245919
24/03/2013,SUN,1669928
23/03/2013,SAT,2192076
22/03/2013,FRI,3425048
21/03/2013,THU,3437669
20/03/2013,WED,3391646
19/03/2013,TUE,3399115
18/03/2013,MON,3309479
17/03/2013,SUN,1806095
16/03/2013,SAT,2346275
15/03/2013,FRI,3433522
14/03/2013,THU,3429057
13/03/2013,WED,3381140
12/03/2013,TUE,3328383
11/03/2013,MON,3214184
10/03/2013,SUN,1795328
09/03/2013,SAT,2427445
08/03/2013,FRI,3401012
07/03/2013,THU,3420531
06/03/2013,WED,3401133
05/03/2013,TUE,3411571
04/03/2013,MON,3326874
03/03/2013,SUN,1821915
02/03/2013,SAT,2455865
01/03/2013,FRI,3439774
28/02/2013,THU,3419542
27/02/2013,WED,3371966
26/02/2013,TUE,3316278
25/02/2013,MON,3228384
24/02/2013,SUN,1699906
23/02/2013,SAT,2345009
22/02/2013,FRI,3115414
21/02/2013,THU,3090664
20/02/2013,WED,3115268
19/02/2013,TUE,3143234
18/02/2013,MON,3053589
17/02/2013,SUN,1850449
16/02/2013,SAT,2430158
15/02/2013,FRI,3413008
14/02/2013,THU,3420728
13/02/2013,WED,3390394
12/02/2013,TUE,3357221
11/02/2013,MON,3217487
10/02/2013,SUN,1711647
09/02/2013,SAT,2410803
08/02/2013,FRI,3440947
07/02/2013,THU,3410184
06/02/2013,WED,3369638
05/02/2013,TUE,3359685
04/02/2013,MON,3295177
03/02/2013,SUN,1746216
02/02/2013,SAT,2488671
01/02/2013,FRI,3453755
31/01/2013,THU,3409477
30/01/2013,WED,3405922
29/01/2013,TUE,3338040
28/01/2013,MON,3288568
27/01/2013,SUN,1768096
26/01/2013,SAT,2420660
25/01/2013,FRI,3408691
24/01/2013,THU,3347028
23/01/2013,WED,3320655
22/01/2013,TUE,3278798
21/01/2013,MON,3031595
20/01/2013,SUN,1483524
19/01/2013,SAT,2110640
18/01/2013,FRI,3129936
17/01/2013,THU,3348138
16/01/2013,WED,3322392
15/01/2013,TUE,3284252
14/01/2013,MON,3180237
13/01/2013,SUN,1701885
12/01/2013,SAT,2298715
11/01/2013,FRI,3332125
10/01/2013,THU,3263865
09/01/2013,WED,3257491
08/01/2013,TUE,3202974
07/01/2013,MON,3057194
06/01/2013,SUN,1608003
05/01/2013,SAT,2176671
04/01/2013,FRI,2814290
03/01/2013,THU,2725972
02/01/2013,WED,2578098
01/01/2013,TUE,1477976
31/12/2012,MON,2410355
30/12/2012,SUN,1667243
29/12/2012,SAT,1968757
28/12/2012,FRI,2215813
27/12/2012,THU,2055294
26/12/2012,WED,1170713
25/12/2012,TUE,526
24/12/2012,MON,2082021
23/12/2012,SUN,1787705
22/12/2012,SAT,2227471
21/12/2012,FRI,3247667
20/12/2012,THU,3249802
19/12/2012,WED,3320625
18/12/2012,TUE,3356721
17/12/2012,MON,3321430
16/12/2012,SUN,1951769
15/12/2012,SAT,2601319
14/12/2012,FRI,3439990
13/12/2012,THU,3479852
12/12/2012,WED,3443239
11/12/2012,TUE,3443428
10/12/2012,MON,3386540
09/12/2012,SUN,1908426
08/12/2012,SAT,2612232
07/12/2012,FRI,3520032
06/12/2012,THU,3505613
05/12/2012,WED,3466196
04/12/2012,TUE,3458879
03/12/2012,MON,3364740
02/12/2012,SUN,1933007
01/12/2012,SAT,2589827
30/11/2012,FRI,3531640
29/11/2012,THU,3420355
28/11/2012,WED,3443466
27/11/2012,TUE,3391490
26/11/2012,MON,3328874
25/11/2012,SUN,1908935
24/11/2012,SAT,2403984
23/11/2012,FRI,3476105
22/11/2012,THU,3471989
21/11/2012,WED,3392410
20/11/2012,TUE,3399610
19/11/2012,MON,3338312
18/11/2012,SUN,1899330
17/11/2012,SAT,2516335
16/11/2012,FRI,3487388
15/11/2012,THU,3461337
14/11/2012,WED,3423477
13/11/2012,TUE,3405190
12/11/2012,MON,3319238
11/11/2012,SUN,1917848
10/11/2012,SAT,2511328
09/11/2012,FRI,3486089
08/11/2012,THU,3455083
07/11/2012,WED,3437234
06/11/2012,TUE,3406919
05/11/2012,MON,3330545
04/11/2012,SUN,1743299
03/11/2012,SAT,2503444
02/11/2012,FRI,3248087
01/11/2012,THU,3206627
